,path,classification,data_set,medical_name
0,./Skin cancer ISIC The International Skin Imaging Collaboration/Train/seborrheic keratosis/ISIC_0011163.jpg,benignant,Train,seborrheic keratosis
1,./Skin cancer ISIC The International Skin Imaging Collaboration/Train/nevus/ISIC_0000525.jpg,benignant,Train,nevus
2,./Skin cancer ISIC The International Skin Imaging Collaboration/Train/vascular lesion/ISIC_0025596.jpg,benignant,Train,vascular lesion
3,./Skin cancer ISIC The International Skin Imaging Collaboration/Train/basal cell carcinoma/ISIC_0025644.jpg,malignant,Train,basal cell carcinoma
4,./Skin cancer ISIC The International Skin Imaging Collaboration/Train/pigmented benign keratosis/ISIC_0024760.jpg,benignant,Train,pigmented benign keratosis
5,./Skin cancer ISIC The International Skin Imaging Collaboration/Train/seborrheic keratosis/ISIC_0011138.jpg,benignant,Train,seborrheic keratosis
6,./Skin cancer ISIC The International Skin Imaging Collaboration/Train/nevus/ISIC_0000407.jpg,benignant,Train,nevus
7,./Skin cancer ISIC The International Skin Imaging Collaboration/Test/dermatofibroma/ISIC_0024318.jpg,benignant,Test,dermatofibroma
8,./Skin cancer ISIC The International Skin Imaging Collaboration/Train/nevus/ISIC_0000228.jpg,benignant,Train,nevus
9,./Skin cancer ISIC The International Skin Imaging Collaboration/Train/nevus/ISIC_0000236.jpg,benignant,Train,nevus
10,./Skin cancer ISIC The International Skin Imaging Collaboration/Train/pigmented benign keratosis/ISIC_0028623.jpg,benignant,Train,pigmented benign keratosis
11,./Skin cancer ISIC The International Skin Imaging Collaboration/Train/pigmented benign keratosis/ISIC_0028503.jpg,benignant,Train,pigmented benign keratosis
12,./Skin cancer ISIC The International Skin Imaging Collaboration/Train/pigmented benign keratosis/ISIC_0024446.jpg,benignant,Train,pigmented benign keratosis
13,./Skin cancer ISIC The International Skin Imaging Collaboration/Train/nevus/ISIC_0024646.jpg,benignant,Train,nevus
14,./Skin cancer ISIC The International Skin Imaging Collaboration/Train/squamous cell carcinoma/ISIC_0031044.jpg,malignant,Train,squamous cell carcinoma
15,./Skin cancer ISIC The International Skin Imaging Collaboration/Train/nevus/ISIC_0000436.jpg,benignant,Train,nevus
16,./Skin cancer ISIC The International Skin Imaging Collaboration/Train/melanoma/ISIC_0009927.jpg,malignant,Train,melanoma
17,./Skin cancer ISIC The International Skin Imaging Collaboration/Train/pigmented benign keratosis/ISIC_0027354.jpg,benignant,Train,pigmented benign keratosis
18,./Skin cancer ISIC The International Skin Imaging Collaboration/Train/pigmented benign keratosis/ISIC_0028104.jpg,benignant,Train,pigmented benign keratosis
19,./Skin cancer ISIC The International Skin Imaging Collaboration/Train/basal cell carcinoma/ISIC_0029392.jpg,malignant,Train,basal cell carcinoma
20,./Skin cancer ISIC The International Skin Imaging Collaboration/Train/basal cell carcinoma/ISIC_0029372.jpg,malignant,Train,basal cell carcinoma
21,./Skin cancer ISIC The International Skin Imaging Collaboration/Train/dermatofibroma/ISIC_0027876.jpg,benignant,Train,dermatofibroma
22,./Skin cancer ISIC The International Skin Imaging Collaboration/Train/squamous cell carcinoma/ISIC_0029067.jpg,malignant,Train,squamous cell carcinoma
23,./Skin cancer ISIC The International Skin Imaging Collaboration/Train/nevus/ISIC_0000222.jpg,benignant,Train,nevus
24,./Skin cancer ISIC The International Skin Imaging Collaboration/Train/seborrheic keratosis/ISIC_0011039.jpg,benignant,Train,seborrheic keratosis
25,./Skin cancer ISIC The International Skin Imaging Collaboration/Train/melanoma/ISIC_0001140.jpg,malignant,Train,melanoma
26,./Skin cancer ISIC The International Skin Imaging Collaboration/Train/melanoma/ISIC_0010280.jpg,malignant,Train,melanoma
27,./Skin cancer ISIC The International Skin Imaging Collaboration/Train/pigmented benign keratosis/ISIC_0025883.jpg,benignant,Train,pigmented benign keratosis
28,./Skin cancer ISIC The International Skin Imaging Collaboration/Train/squamous cell carcinoma/ISIC_0029059.jpg,malignant,Train,squamous cell carcinoma
29,./Skin cancer ISIC The International Skin Imaging Collaboration/Train/melanoma/ISIC_0011185.jpg,malignant,Train,melanoma
30,./Skin cancer ISIC The International Skin Imaging Collaboration/Train/basal cell carcinoma/ISIC_0026845.jpg,malignant,Train,basal cell carcinoma
31,./Skin cancer ISIC The International Skin Imaging Collaboration/Train/nevus/ISIC_0027829.jpg,benignant,Train,nevus
32,./Skin cancer ISIC The International Skin Imaging Collaboration/Train/melanoma/ISIC_0000309.jpg,malignant,Train,melanoma
33,./Skin cancer ISIC The International Skin Imaging Collaboration/Train/actinic keratosis/ISIC_0028854.jpg,malignant,Train,actinic keratosis
34,./Skin cancer ISIC The International Skin Imaging Collaboration/Train/melanoma/ISIC_0010329.jpg,malignant,Train,melanoma
35,./Skin cancer ISIC The International Skin Imaging Collaboration/Train/squamous cell carcinoma/ISIC_0029715.jpg,malignant,Train,squamous cell carcinoma
36,./Skin cancer ISIC The International Skin Imaging Collaboration/Train/nevus/ISIC_0024470.jpg,benignant,Train,nevus
37,./Skin cancer ISIC The International Skin Imaging Collaboration/Train/seborrheic keratosis/ISIC_0011121.jpg,benignant,Train,seborrheic keratosis
38,./Skin cancer ISIC The International Skin Imaging Collaboration/Train/vascular lesion/ISIC_0033031.jpg,benignant,Train,vascular lesion
39,./Skin cancer ISIC The International Skin Imaging Collaboration/Train/melanoma/ISIC_0001126.jpg,malignant,Train,melanoma
40,./Skin cancer ISIC The International Skin Imaging Collaboration/Train/actinic keratosis/ISIC_0028314.jpg,malignant,Train,actinic keratosis
41,./Skin cancer ISIC The International Skin Imaging Collaboration/Train/melanoma/ISIC_0011135.jpg,malignant,Train,melanoma
42,./Skin cancer ISIC The International Skin Imaging Collaboration/Train/nevus/ISIC_0000359.jpg,benignant,Train,nevus
43,./Skin cancer ISIC The International Skin Imaging Collaboration/Train/squamous cell carcinoma/ISIC_0025948.jpg,malignant,Train,squamous cell carcinoma
44,./Skin cancer ISIC The International Skin Imaging Collaboration/Train/pigmented benign keratosis/ISIC_0027419.jpg,benignant,Train,pigmented benign keratosis
45,./Skin cancer ISIC The International Skin Imaging Collaboration/Train/pigmented benign keratosis/ISIC_0028354.jpg,benignant,Train,pigmented benign keratosis
46,./Skin cancer ISIC The International Skin Imaging Collaboration/Train/pigmented benign keratosis/ISIC_0025710.jpg,benignant,Train,pigmented benign keratosis
47,./Skin cancer ISIC The International Skin Imaging Collaboration/Train/actinic keratosis/ISIC_0028558.jpg,malignant,Train,actinic keratosis
48,./Skin cancer ISIC The International Skin Imaging Collaboration/Train/melanoma/ISIC_0010397.jpg,malignant,Train,melanoma
49,./Skin cancer ISIC The International Skin Imaging Collaboration/Train/seborrheic keratosis/ISIC_0011012.jpg,benignant,Train,seborrheic keratosis
50,./Skin cancer ISIC The International Skin Imaging Collaboration/Train/pigmented benign keratosis/ISIC_0027192.jpg,benignant,Train,pigmented benign keratosis
51,./Skin cancer ISIC The International Skin Imaging Collaboration/Train/basal cell carcinoma/ISIC_0028079.jpg,malignant,Train,basal cell carcinoma
52,./Skin cancer ISIC The International Skin Imaging Collaboration/Train/actinic keratosis/ISIC_0029713.jpg,malignant,Train,actinic keratosis
53,./Skin cancer ISIC The International Skin Imaging Collaboration/Train/dermatofibroma/ISIC_0031358.jpg,benignant,Train,dermatofibroma
54,./Skin cancer ISIC The International Skin Imaging Collaboration/Train/vascular lesion/ISIC_0030606.jpg,benignant,Train,vascular lesion
55,./Skin cancer ISIC The International Skin Imaging Collaboration/Train/nevus/ISIC_0000386.jpg,benignant,Train,nevus
56,./Skin cancer ISIC The International Skin Imaging Collaboration/Train/melanoma/ISIC_0011169.jpg,malignant,Train,melanoma
57,./Skin cancer ISIC The International Skin Imaging Collaboration/Train/basal cell carcinoma/ISIC_0030403.jpg,malignant,Train,basal cell carcinoma
58,./Skin cancer ISIC The International Skin Imaging Collaboration/Train/actinic keratosis/ISIC_0033705.jpg,malignant,Train,actinic keratosis
59,./Skin cancer ISIC The International Skin Imaging Collaboration/Train/melanoma/ISIC_0010707.jpg,malignant,Train,melanoma
60,./Skin cancer ISIC The International Skin Imaging Collaboration/Train/pigmented benign keratosis/ISIC_0026316.jpg,benignant,Train,pigmented benign keratosis
61,./Skin cancer ISIC The International Skin Imaging Collaboration/Train/melanoma/ISIC_0000394.jpg,malignant,Train,melanoma
62,./Skin cancer ISIC The International Skin Imaging Collaboration/Train/pigmented benign keratosis/ISIC_0025842.jpg,benignant,Train,pigmented benign keratosis
63,./Skin cancer ISIC The International Skin Imaging Collaboration/Train/basal cell carcinoma/ISIC_0027229.jpg,malignant,Train,basal cell carcinoma
64,./Skin cancer ISIC The International Skin Imaging Collaboration/Train/basal cell carcinoma/ISIC_0024799.jpg,malignant,Train,basal cell carcinoma
65,./Skin cancer ISIC The International Skin Imaging Collaboration/Train/squamous cell carcinoma/ISIC_0029563.jpg,malignant,Train,squamous cell carcinoma
66,./Skin cancer ISIC The International Skin Imaging Collaboration/Train/dermatofibroma/ISIC_0028651.jpg,benignant,Train,dermatofibroma
67,./Skin cancer ISIC The International Skin Imaging Collaboration/Train/basal cell carcinoma/ISIC_0026117.jpg,malignant,Train,basal cell carcinoma
68,./Skin cancer ISIC The International Skin Imaging Collaboration/Train/nevus/ISIC_0000317.jpg,benignant,Train,nevus
69,./Skin cancer ISIC The International Skin Imaging Collaboration/Train/squamous cell carcinoma/ISIC_0026981.jpg,malignant,Train,squamous cell carcinoma
70,./Skin cancer ISIC The International Skin Imaging Collaboration/Train/nevus/ISIC_0000025.jpg,benignant,Train,nevus
71,./Skin cancer ISIC The International Skin Imaging Collaboration/Train/vascular lesion/ISIC_0026713.jpg,benignant,Train,vascular lesion
72,./Skin cancer ISIC The International Skin Imaging Collaboration/Train/nevus/ISIC_0025803.jpg,benignant,Train,nevus
73,./Skin cancer ISIC The International Skin Imaging Collaboration/Train/basal cell carcinoma/ISIC_0029230.jpg,malignant,Train,basal cell carcinoma
74,./Skin cancer ISIC The International Skin Imaging Collaboration/Train/pigmented benign keratosis/ISIC_0025937.jpg,benignant,Train,pigmented benign keratosis
75,./Skin cancer ISIC The International Skin Imaging Collaboration/Test/actinic keratosis/ISIC_0024468.jpg,malignant,Test,actinic keratosis
76,./Skin cancer ISIC The International Skin Imaging Collaboration/Train/nevus/ISIC_0000479.jpg,benignant,Train,nevus
77,./Skin cancer ISIC The International Skin Imaging Collaboration/Train/pigmented benign keratosis/ISIC_0026846.jpg,benignant,Train,pigmented benign keratosis
78,./Skin cancer ISIC The International Skin Imaging Collaboration/Train/melanoma/ISIC_0011013.jpg,malignant,Train,melanoma
79,./Skin cancer ISIC The International Skin Imaging Collaboration/Train/pigmented benign keratosis/ISIC_0025339.jpg,benignant,Train,pigmented benign keratosis
80,./Skin cancer ISIC The International Skin Imaging Collaboration/Train/melanoma/ISIC_0000469.jpg,malignant,Train,melanoma
81,./Skin cancer ISIC The International Skin Imaging Collaboration/Train/dermatofibroma/ISIC_0029967.jpg,benignant,Train,dermatofibroma
82,./Skin cancer ISIC The International Skin Imaging Collaboration/Train/pigmented benign keratosis/ISIC_0026378.jpg,benignant,Train,pigmented benign keratosis
83,./Skin cancer ISIC The International Skin Imaging Collaboration/Train/nevus/ISIC_0000451.jpg,benignant,Train,nevus
84,./Skin cancer ISIC The International Skin Imaging Collaboration/Train/basal cell carcinoma/ISIC_0025417.jpg,malignant,Train,basal cell carcinoma
85,./Skin cancer ISIC The International Skin Imaging Collaboration/Train/seborrheic keratosis/ISIC_0010979.jpg,benignant,Train,seborrheic keratosis
86,./Skin cancer ISIC The International Skin Imaging Collaboration/Train/melanoma/ISIC_0000294.jpg,malignant,Train,melanoma
87,./Skin cancer ISIC The International Skin Imaging Collaboration/Train/melanoma/ISIC_0001106.jpg,malignant,Train,melanoma
88,./Skin cancer ISIC The International Skin Imaging Collaboration/Train/basal cell carcinoma/ISIC_0029515.jpg,malignant,Train,basal cell carcinoma
89,./Skin cancer ISIC The International Skin Imaging Collaboration/Train/squamous cell carcinoma/ISIC_0026203.jpg,malignant,Train,squamous cell carcinoma
90,./Skin cancer ISIC The International Skin Imaging Collaboration/Train/basal cell carcinoma/ISIC_0026952.jpg,malignant,Train,basal cell carcinoma
91,./Skin cancer ISIC The International Skin Imaging Collaboration/Train/basal cell carcinoma/ISIC_0027825.jpg,malignant,Train,basal cell carcinoma
92,./Skin cancer ISIC The International Skin Imaging Collaboration/Train/nevus/ISIC_0027896.jpg,benignant,Train,nevus
93,./Skin cancer ISIC The International Skin Imaging Collaboration/Train/pigmented benign keratosis/ISIC_0027831.jpg,benignant,Train,pigmented benign keratosis
94,./Skin cancer ISIC The International Skin Imaging Collaboration/Test/basal cell carcinoma/ISIC_0024436.jpg,malignant,Test,basal cell carcinoma
95,./Skin cancer ISIC The International Skin Imaging Collaboration/Test/pigmented benign keratosis/ISIC_0024338.jpg,benignant,Test,pigmented benign keratosis
96,./Skin cancer ISIC The International Skin Imaging Collaboration/Train/basal cell carcinoma/ISIC_0029129.jpg,malignant,Train,basal cell carcinoma
97,./Skin cancer ISIC The International Skin Imaging Collaboration/Train/basal cell carcinoma/ISIC_0028719.jpg,malignant,Train,basal cell carcinoma
98,./Skin cancer ISIC The International Skin Imaging Collaboration/Train/basal cell carcinoma/ISIC_0027851.jpg,malignant,Train,basal cell carcinoma
99,./Skin cancer ISIC The International Skin Imaging Collaboration/Train/nevus/ISIC_0000272.jpg,benignant,Train,nevus
100,./Skin cancer ISIC The International Skin Imaging Collaboration/Train/basal cell carcinoma/ISIC_0024897.jpg,malignant,Train,basal cell carcinoma
101,./Skin cancer ISIC The International Skin Imaging Collaboration/Train/nevus/ISIC_0000478.jpg,benignant,Train,nevus
102,./Skin cancer ISIC The International Skin Imaging Collaboration/Train/pigmented benign keratosis/ISIC_0028607.jpg,benignant,Train,pigmented benign keratosis
103,./Skin cancer ISIC The International Skin Imaging Collaboration/Train/nevus/ISIC_0000033.jpg,benignant,Train,nevus
104,./Skin cancer ISIC The International Skin Imaging Collaboration/Train/melanoma/ISIC_0000547.jpg,malignant,Train,melanoma
105,./Skin cancer ISIC The International Skin Imaging Collaboration/Train/basal cell carcinoma/ISIC_0030594.jpg,malignant,Train,basal cell carcinoma
106,./Skin cancer ISIC The International Skin Imaging Collaboration/Train/squamous cell carcinoma/ISIC_0029634.jpg,malignant,Train,squamous cell carcinoma
107,./Skin cancer ISIC The International Skin Imaging Collaboration/Train/seborrheic keratosis/ISIC_0011136.jpg,benignant,Train,seborrheic keratosis
108,./Skin cancer ISIC The International Skin Imaging Collaboration/Train/dermatofibroma/ISIC_0028880.jpg,benignant,Train,dermatofibroma
109,./Skin cancer ISIC The International Skin Imaging Collaboration/Train/nevus/ISIC_0000053.jpg,benignant,Train,nevus
110,./Skin cancer ISIC The International Skin Imaging Collaboration/Train/melanoma/ISIC_0000303.jpg,malignant,Train,melanoma
111,./Skin cancer ISIC The International Skin Imaging Collaboration/Train/nevus/ISIC_0000383.jpg,benignant,Train,nevus
112,./Skin cancer ISIC The International Skin Imaging Collaboration/Train/actinic keratosis/ISIC_0030133.jpg,malignant,Train,actinic keratosis
113,./Skin cancer ISIC The International Skin Imaging Collaboration/Train/pigmented benign keratosis/ISIC_0028254.jpg,benignant,Train,pigmented benign keratosis
114,./Skin cancer ISIC The International Skin Imaging Collaboration/Train/melanoma/ISIC_0000171.jpg,malignant,Train,melanoma
115,./Skin cancer ISIC The International Skin Imaging Collaboration/Train/vascular lesion/ISIC_0029439.jpg,benignant,Train,vascular lesion
116,./Skin cancer ISIC The International Skin Imaging Collaboration/Train/nevus/ISIC_0000231.jpg,benignant,Train,nevus
117,./Skin cancer ISIC The International Skin Imaging Collaboration/Train/actinic keratosis/ISIC_0031609.jpg,malignant,Train,actinic keratosis
118,./Skin cancer ISIC The International Skin Imaging Collaboration/Train/pigmented benign keratosis/ISIC_0028223.jpg,benignant,Train,pigmented benign keratosis
119,./Skin cancer ISIC The International Skin Imaging Collaboration/Train/vascular lesion/ISIC_0033591.jpg,benignant,Train,vascular lesion
120,./Skin cancer ISIC The International Skin Imaging Collaboration/Train/dermatofibroma/ISIC_0032941.jpg,benignant,Train,dermatofibroma
121,./Skin cancer ISIC The International Skin Imaging Collaboration/Train/nevus/ISIC_0026457.jpg,benignant,Train,nevus
122,./Skin cancer ISIC The International Skin Imaging Collaboration/Train/nevus/ISIC_0000423.jpg,benignant,Train,nevus
123,./Skin cancer ISIC The International Skin Imaging Collaboration/Train/actinic keratosis/ISIC_0031506.jpg,malignant,Train,actinic keratosis
124,./Skin cancer ISIC The International Skin Imaging Collaboration/Train/pigmented benign keratosis/ISIC_0026803.jpg,benignant,Train,pigmented benign keratosis
125,./Skin cancer ISIC The International Skin Imaging Collaboration/Train/basal cell carcinoma/ISIC_0027722.jpg,malignant,Train,basal cell carcinoma
126,./Skin cancer ISIC The International Skin Imaging Collaboration/Train/squamous cell carcinoma/ISIC_0031191.jpg,malignant,Train,squamous cell carcinoma
127,./Skin cancer ISIC The International Skin Imaging Collaboration/Train/basal cell carcinoma/ISIC_0029546.jpg,malignant,Train,basal cell carcinoma
128,./Skin cancer ISIC The International Skin Imaging Collaboration/Train/melanoma/ISIC_0001135.jpg,malignant,Train,melanoma
129,./Skin cancer ISIC The International Skin Imaging Collaboration/Train/nevus/ISIC_0025825.jpg,benignant,Train,nevus
130,./Skin cancer ISIC The International Skin Imaging Collaboration/Train/melanoma/ISIC_0000554.jpg,malignant,Train,melanoma
131,./Skin cancer ISIC The International Skin Imaging Collaboration/Train/pigmented benign keratosis/ISIC_0027017.jpg,benignant,Train,pigmented benign keratosis
132,./Skin cancer ISIC The International Skin Imaging Collaboration/Train/basal cell carcinoma/ISIC_0029034.jpg,malignant,Train,basal cell carcinoma
133,./Skin cancer ISIC The International Skin Imaging Collaboration/Train/melanoma/ISIC_0010583.jpg,malignant,Train,melanoma
134,./Skin cancer ISIC The International Skin Imaging Collaboration/Train/dermatofibroma/ISIC_0033891.jpg,benignant,Train,dermatofibroma
135,./Skin cancer ISIC The International Skin Imaging Collaboration/Train/basal cell carcinoma/ISIC_0029220.jpg,malignant,Train,basal cell carcinoma
136,./Skin cancer ISIC The International Skin Imaging Collaboration/Train/basal cell carcinoma/ISIC_0027297.jpg,malignant,Train,basal cell carcinoma
137,./Skin cancer ISIC The International Skin Imaging Collaboration/Train/squamous cell carcinoma/ISIC_0029851.jpg,malignant,Train,squamous cell carcinoma
138,./Skin cancer ISIC The International Skin Imaging Collaboration/Train/pigmented benign keratosis/ISIC_0025075.jpg,benignant,Train,pigmented benign keratosis
139,./Skin cancer ISIC The International Skin Imaging Collaboration/Train/pigmented benign keratosis/ISIC_0027202.jpg,benignant,Train,pigmented benign keratosis
140,./Skin cancer ISIC The International Skin Imaging Collaboration/Train/seborrheic keratosis/ISIC_0011185.jpg,benignant,Train,seborrheic keratosis
141,./Skin cancer ISIC The International Skin Imaging Collaboration/Train/basal cell carcinoma/ISIC_0030177.jpg,malignant,Train,basal cell carcinoma
142,./Skin cancer ISIC The International Skin Imaging Collaboration/Train/seborrheic keratosis/ISIC_0010883.jpg,benignant,Train,seborrheic keratosis
143,./Skin cancer ISIC The International Skin Imaging Collaboration/Train/basal cell carcinoma/ISIC_0027846.jpg,malignant,Train,basal cell carcinoma
144,./Skin cancer ISIC The International Skin Imaging Collaboration/Train/basal cell carcinoma/ISIC_0029337.jpg,malignant,Train,basal cell carcinoma
145,./Skin cancer ISIC The International Skin Imaging Collaboration/Train/pigmented benign keratosis/ISIC_0025388.jpg,benignant,Train,pigmented benign keratosis
146,./Skin cancer ISIC The International Skin Imaging Collaboration/Train/seborrheic keratosis/ISIC_0010862.jpg,benignant,Train,seborrheic keratosis
147,./Skin cancer ISIC The International Skin Imaging Collaboration/Train/dermatofibroma/ISIC_0030011.jpg,benignant,Train,dermatofibroma
148,./Skin cancer ISIC The International Skin Imaging Collaboration/Train/squamous cell carcinoma/ISIC_0031570.jpg,malignant,Train,squamous cell carcinoma
149,./Skin cancer ISIC The International Skin Imaging Collaboration/Train/nevus/ISIC_0026857.jpg,benignant,Train,nevus
150,./Skin cancer ISIC The International Skin Imaging Collaboration/Train/nevus/ISIC_0000326.jpg,benignant,Train,nevus
151,./Skin cancer ISIC The International Skin Imaging Collaboration/Train/nevus/ISIC_0000073.jpg,benignant,Train,nevus
152,./Skin cancer ISIC The International Skin Imaging Collaboration/Train/melanoma/ISIC_0010723.jpg,malignant,Train,melanoma
153,./Skin cancer ISIC The International Skin Imaging Collaboration/Train/pigmented benign keratosis/ISIC_0026280.jpg,benignant,Train,pigmented benign keratosis
154,./Skin cancer ISIC The International Skin Imaging Collaboration/Train/basal cell carcinoma/ISIC_0027601.jpg,malignant,Train,basal cell carcinoma
155,./Skin cancer ISIC The International Skin Imaging Collaboration/Train/squamous cell carcinoma/ISIC_0028335.jpg,malignant,Train,squamous cell carcinoma
156,./Skin cancer ISIC The International Skin Imaging Collaboration/Train/vascular lesion/ISIC_0032866.jpg,benignant,Train,vascular lesion
157,./Skin cancer ISIC The International Skin Imaging Collaboration/Train/melanoma/ISIC_0010772.jpg,malignant,Train,melanoma
158,./Skin cancer ISIC The International Skin Imaging Collaboration/Train/pigmented benign keratosis/ISIC_0024505.jpg,benignant,Train,pigmented benign keratosis
159,./Skin cancer ISIC The International Skin Imaging Collaboration/Train/squamous cell carcinoma/ISIC_0031012.jpg,malignant,Train,squamous cell carcinoma
160,./Skin cancer ISIC The International Skin Imaging Collaboration/Train/melanoma/ISIC_0011052.jpg,malignant,Train,melanoma
161,./Skin cancer ISIC The International Skin Imaging Collaboration/Train/actinic keratosis/ISIC_0029141.jpg,malignant,Train,actinic keratosis
162,./Skin cancer ISIC The International Skin Imaging Collaboration/Test/melanoma/ISIC_0000040.jpg,malignant,Test,melanoma
163,./Skin cancer ISIC The International Skin Imaging Collaboration/Train/nevus/ISIC_0000329.jpg,benignant,Train,nevus
164,./Skin cancer ISIC The International Skin Imaging Collaboration/Train/pigmented benign keratosis/ISIC_0027801.jpg,benignant,Train,pigmented benign keratosis
165,./Skin cancer ISIC The International Skin Imaging Collaboration/Train/pigmented benign keratosis/ISIC_0025575.jpg,benignant,Train,pigmented benign keratosis
166,./Skin cancer ISIC The International Skin Imaging Collaboration/Train/nevus/ISIC_0000088.jpg,benignant,Train,nevus
167,./Skin cancer ISIC The International Skin Imaging Collaboration/Train/melanoma/ISIC_0010978.jpg,malignant,Train,melanoma
168,./Skin cancer ISIC The International Skin Imaging Collaboration/Train/actinic keratosis/ISIC_0027580.jpg,malignant,Train,actinic keratosis
169,./Skin cancer ISIC The International Skin Imaging Collaboration/Train/actinic keratosis/ISIC_0028370.jpg,malignant,Train,actinic keratosis
170,./Skin cancer ISIC The International Skin Imaging Collaboration/Train/basal cell carcinoma/ISIC_0028329.jpg,malignant,Train,basal cell carcinoma
171,./Skin cancer ISIC The International Skin Imaging Collaboration/Train/pigmented benign keratosis/ISIC_0026409.jpg,benignant,Train,pigmented benign keratosis
172,./Skin cancer ISIC The International Skin Imaging Collaboration/Train/basal cell carcinoma/ISIC_0031062.jpg,malignant,Train,basal cell carcinoma
173,./Skin cancer ISIC The International Skin Imaging Collaboration/Train/vascular lesion/ISIC_0031217.jpg,benignant,Train,vascular lesion
174,./Skin cancer ISIC The International Skin Imaging Collaboration/Train/basal cell carcinoma/ISIC_0026192.jpg,malignant,Train,basal cell carcinoma
175,./Skin cancer ISIC The International Skin Imaging Collaboration/Train/melanoma/ISIC_0010379.jpg,malignant,Train,melanoma
176,./Skin cancer ISIC The International Skin Imaging Collaboration/Train/nevus/ISIC_0000050.jpg,benignant,Train,nevus
177,./Skin cancer ISIC The International Skin Imaging Collaboration/Train/basal cell carcinoma/ISIC_0030271.jpg,malignant,Train,basal cell carcinoma
178,./Skin cancer ISIC The International Skin Imaging Collaboration/Train/nevus/ISIC_0028314.jpg,benignant,Train,nevus
179,./Skin cancer ISIC The International Skin Imaging Collaboration/Train/pigmented benign keratosis/ISIC_0027991.jpg,benignant,Train,pigmented benign keratosis
180,./Skin cancer ISIC The International Skin Imaging Collaboration/Train/melanoma/ISIC_0010245.jpg,malignant,Train,melanoma
181,./Skin cancer ISIC The International Skin Imaging Collaboration/Train/melanoma/ISIC_0010663.jpg,malignant,Train,melanoma
182,./Skin cancer ISIC The International Skin Imaging Collaboration/Train/pigmented benign keratosis/ISIC_0028386.jpg,benignant,Train,pigmented benign keratosis
183,./Skin cancer ISIC The International Skin Imaging Collaboration/Train/melanoma/ISIC_0011193.jpg,malignant,Train,melanoma
184,./Skin cancer ISIC The International Skin Imaging Collaboration/Train/melanoma/ISIC_0010591.jpg,malignant,Train,melanoma
185,./Skin cancer ISIC The International Skin Imaging Collaboration/Train/basal cell carcinoma/ISIC_0024787.jpg,malignant,Train,basal cell carcinoma
186,./Skin cancer ISIC The International Skin Imaging Collaboration/Train/melanoma/ISIC_0010414.jpg,malignant,Train,melanoma
187,./Skin cancer ISIC The International Skin Imaging Collaboration/Train/pigmented benign keratosis/ISIC_0026273.jpg,benignant,Train,pigmented benign keratosis
188,./Skin cancer ISIC The International Skin Imaging Collaboration/Train/nevus/ISIC_0000435.jpg,benignant,Train,nevus
189,./Skin cancer ISIC The International Skin Imaging Collaboration/Train/nevus/ISIC_0028076.jpg,benignant,Train,nevus
190,./Skin cancer ISIC The International Skin Imaging Collaboration/Train/pigmented benign keratosis/ISIC_0027681.jpg,benignant,Train,pigmented benign keratosis
191,./Skin cancer ISIC The International Skin Imaging Collaboration/Train/nevus/ISIC_0000345.jpg,benignant,Train,nevus
192,./Skin cancer ISIC The International Skin Imaging Collaboration/Train/melanoma/ISIC_0010359.jpg,malignant,Train,melanoma
193,./Skin cancer ISIC The International Skin Imaging Collaboration/Train/melanoma/ISIC_0000466.jpg,malignant,Train,melanoma
194,./Skin cancer ISIC The International Skin Imaging Collaboration/Train/pigmented benign keratosis/ISIC_0025805.jpg,benignant,Train,pigmented benign keratosis
195,./Skin cancer ISIC The International Skin Imaging Collaboration/Train/pigmented benign keratosis/ISIC_0026046.jpg,benignant,Train,pigmented benign keratosis
196,./Skin cancer ISIC The International Skin Imaging Collaboration/Train/nevus/ISIC_0000256.jpg,benignant,Train,nevus
197,./Skin cancer ISIC The International Skin Imaging Collaboration/Train/basal cell carcinoma/ISIC_0028323.jpg,malignant,Train,basal cell carcinoma
198,./Skin cancer ISIC The International Skin Imaging Collaboration/Train/vascular lesion/ISIC_0031215.jpg,benignant,Train,vascular lesion
199,./Skin cancer ISIC The International Skin Imaging Collaboration/Train/pigmented benign keratosis/ISIC_0027194.jpg,benignant,Train,pigmented benign keratosis
200,./Skin cancer ISIC The International Skin Imaging Collaboration/Train/seborrheic keratosis/ISIC_0010878.jpg,benignant,Train,seborrheic keratosis
201,./Skin cancer ISIC The International Skin Imaging Collaboration/Train/melanoma/ISIC_0010143.jpg,malignant,Train,melanoma
202,./Skin cancer ISIC The International Skin Imaging Collaboration/Train/seborrheic keratosis/ISIC_0010965.jpg,benignant,Train,seborrheic keratosis
203,./Skin cancer ISIC The International Skin Imaging Collaboration/Train/pigmented benign keratosis/ISIC_0028165.jpg,benignant,Train,pigmented benign keratosis
204,./Skin cancer ISIC The International Skin Imaging Collaboration/Train/dermatofibroma/ISIC_0029130.jpg,benignant,Train,dermatofibroma
205,./Skin cancer ISIC The International Skin Imaging Collaboration/Train/nevus/ISIC_0027254.jpg,benignant,Train,nevus
206,./Skin cancer ISIC The International Skin Imaging Collaboration/Train/pigmented benign keratosis/ISIC_0027527.jpg,benignant,Train,pigmented benign keratosis
207,./Skin cancer ISIC The International Skin Imaging Collaboration/Train/nevus/ISIC_0000382.jpg,benignant,Train,nevus
208,./Skin cancer ISIC The International Skin Imaging Collaboration/Train/melanoma/ISIC_0009955.jpg,malignant,Train,melanoma
209,./Skin cancer ISIC The International Skin Imaging Collaboration/Train/basal cell carcinoma/ISIC_0026760.jpg,malignant,Train,basal cell carcinoma
210,./Skin cancer ISIC The International Skin Imaging Collaboration/Train/actinic keratosis/ISIC_0025780.jpg,malignant,Train,actinic keratosis
211,./Skin cancer ISIC The International Skin Imaging Collaboration/Train/nevus/ISIC_0026525.jpg,benignant,Train,nevus
212,./Skin cancer ISIC The International Skin Imaging Collaboration/Train/dermatofibroma/ISIC_0025314.jpg,benignant,Train,dermatofibroma
213,./Skin cancer ISIC The International Skin Imaging Collaboration/Train/vascular lesion/ISIC_0032692.jpg,benignant,Train,vascular lesion
214,./Skin cancer ISIC The International Skin Imaging Collaboration/Train/basal cell carcinoma/ISIC_0027291.jpg,malignant,Train,basal cell carcinoma
215,./Skin cancer ISIC The International Skin Imaging Collaboration/Train/basal cell carcinoma/ISIC_0026321.jpg,malignant,Train,basal cell carcinoma
216,./Skin cancer ISIC The International Skin Imaging Collaboration/Train/basal cell carcinoma/ISIC_0027858.jpg,malignant,Train,basal cell carcinoma
217,./Skin cancer ISIC The International Skin Imaging Collaboration/Train/melanoma/ISIC_0010241.jpg,malignant,Train,melanoma
218,./Skin cancer ISIC The International Skin Imaging Collaboration/Train/melanoma/ISIC_0010550.jpg,malignant,Train,melanoma
219,./Skin cancer ISIC The International Skin Imaging Collaboration/Train/melanoma/ISIC_0010971.jpg,malignant,Train,melanoma
220,./Skin cancer ISIC The International Skin Imaging Collaboration/Train/pigmented benign keratosis/ISIC_0027811.jpg,benignant,Train,pigmented benign keratosis
221,./Skin cancer ISIC The International Skin Imaging Collaboration/Train/nevus/ISIC_0000021.jpg,benignant,Train,nevus
222,./Skin cancer ISIC The International Skin Imaging Collaboration/Train/vascular lesion/ISIC_0031276.jpg,benignant,Train,vascular lesion
223,./Skin cancer ISIC The International Skin Imaging Collaboration/Train/pigmented benign keratosis/ISIC_0026142.jpg,benignant,Train,pigmented benign keratosis
224,./Skin cancer ISIC The International Skin Imaging Collaboration/Train/basal cell carcinoma/ISIC_0031258.jpg,malignant,Train,basal cell carcinoma
225,./Skin cancer ISIC The International Skin Imaging Collaboration/Train/pigmented benign keratosis/ISIC_0027754.jpg,benignant,Train,pigmented benign keratosis
226,./Skin cancer ISIC The International Skin Imaging Collaboration/Train/melanoma/ISIC_0010655.jpg,malignant,Train,melanoma
227,./Skin cancer ISIC The International Skin Imaging Collaboration/Train/nevus/ISIC_0029210.jpg,benignant,Train,nevus
228,./Skin cancer ISIC The International Skin Imaging Collaboration/Train/nevus/ISIC_0000220.jpg,benignant,Train,nevus
229,./Skin cancer ISIC The International Skin Imaging Collaboration/Train/pigmented benign keratosis/ISIC_0026955.jpg,benignant,Train,pigmented benign keratosis
230,./Skin cancer ISIC The International Skin Imaging Collaboration/Train/nevus/ISIC_0000492.jpg,benignant,Train,nevus
231,./Skin cancer ISIC The International Skin Imaging Collaboration/Test/actinic keratosis/ISIC_0025427.jpg,malignant,Test,actinic keratosis
232,./Skin cancer ISIC The International Skin Imaging Collaboration/Train/dermatofibroma/ISIC_0031827.jpg,benignant,Train,dermatofibroma
233,./Skin cancer ISIC The International Skin Imaging Collaboration/Test/melanoma/ISIC_0000046.jpg,malignant,Test,melanoma
234,./Skin cancer ISIC The International Skin Imaging Collaboration/Train/squamous cell carcinoma/ISIC_0026872.jpg,malignant,Train,squamous cell carcinoma
235,./Skin cancer ISIC The International Skin Imaging Collaboration/Train/basal cell carcinoma/ISIC_0029857.jpg,malignant,Train,basal cell carcinoma
236,./Skin cancer ISIC The International Skin Imaging Collaboration/Train/basal cell carcinoma/ISIC_0031026.jpg,malignant,Train,basal cell carcinoma
237,./Skin cancer ISIC The International Skin Imaging Collaboration/Train/actinic keratosis/ISIC_0025992.jpg,malignant,Train,actinic keratosis
238,./Skin cancer ISIC The International Skin Imaging Collaboration/Train/squamous cell carcinoma/ISIC_0030714.jpg,malignant,Train,squamous cell carcinoma
239,./Skin cancer ISIC The International Skin Imaging Collaboration/Train/melanoma/ISIC_0000280.jpg,malignant,Train,melanoma
240,./Skin cancer ISIC The International Skin Imaging Collaboration/Train/pigmented benign keratosis/ISIC_0024498.jpg,benignant,Train,pigmented benign keratosis
241,./Skin cancer ISIC The International Skin Imaging Collaboration/Train/nevus/ISIC_0000416.jpg,benignant,Train,nevus
242,./Skin cancer ISIC The International Skin Imaging Collaboration/Train/vascular lesion/ISIC_0025924.jpg,benignant,Train,vascular lesion
243,./Skin cancer ISIC The International Skin Imaging Collaboration/Train/melanoma/ISIC_0010321.jpg,malignant,Train,melanoma
244,./Skin cancer ISIC The International Skin Imaging Collaboration/Train/pigmented benign keratosis/ISIC_0025330.jpg,benignant,Train,pigmented benign keratosis
245,./Skin cancer ISIC The International Skin Imaging Collaboration/Train/pigmented benign keratosis/ISIC_0026844.jpg,benignant,Train,pigmented benign keratosis
246,./Skin cancer ISIC The International Skin Imaging Collaboration/Train/nevus/ISIC_0026848.jpg,benignant,Train,nevus
247,./Skin cancer ISIC The International Skin Imaging Collaboration/Train/pigmented benign keratosis/ISIC_0028411.jpg,benignant,Train,pigmented benign keratosis
248,./Skin cancer ISIC The International Skin Imaging Collaboration/Train/actinic keratosis/ISIC_0030142.jpg,malignant,Train,actinic keratosis
249,./Skin cancer ISIC The International Skin Imaging Collaboration/Train/basal cell carcinoma/ISIC_0031095.jpg,malignant,Train,basal cell carcinoma
250,./Skin cancer ISIC The International Skin Imaging Collaboration/Train/vascular lesion/ISIC_0027937.jpg,benignant,Train,vascular lesion
251,./Skin cancer ISIC The International Skin Imaging Collaboration/Train/pigmented benign keratosis/ISIC_0024943.jpg,benignant,Train,pigmented benign keratosis
252,./Skin cancer ISIC The International Skin Imaging Collaboration/Train/nevus/ISIC_0000504.jpg,benignant,Train,nevus
253,./Skin cancer ISIC The International Skin Imaging Collaboration/Train/pigmented benign keratosis/ISIC_0026895.jpg,benignant,Train,pigmented benign keratosis
254,./Skin cancer ISIC The International Skin Imaging Collaboration/Train/pigmented benign keratosis/ISIC_0025876.jpg,benignant,Train,pigmented benign keratosis
255,./Skin cancer ISIC The International Skin Imaging Collaboration/Test/dermatofibroma/ISIC_0025154.jpg,benignant,Test,dermatofibroma
256,./Skin cancer ISIC The International Skin Imaging Collaboration/Train/melanoma/ISIC_0000306.jpg,malignant,Train,melanoma
257,./Skin cancer ISIC The International Skin Imaging Collaboration/Train/seborrheic keratosis/ISIC_0011193.jpg,benignant,Train,seborrheic keratosis
258,./Skin cancer ISIC The International Skin Imaging Collaboration/Train/nevus/ISIC_0000500.jpg,benignant,Train,nevus
259,./Skin cancer ISIC The International Skin Imaging Collaboration/Train/nevus/ISIC_0000456.jpg,benignant,Train,nevus
260,./Skin cancer ISIC The International Skin Imaging Collaboration/Train/melanoma/ISIC_0000521.jpg,malignant,Train,melanoma
261,./Skin cancer ISIC The International Skin Imaging Collaboration/Train/basal cell carcinoma/ISIC_0030767.jpg,malignant,Train,basal cell carcinoma
262,./Skin cancer ISIC The International Skin Imaging Collaboration/Train/nevus/ISIC_0000464.jpg,benignant,Train,nevus
263,./Skin cancer ISIC The International Skin Imaging Collaboration/Train/basal cell carcinoma/ISIC_0028815.jpg,malignant,Train,basal cell carcinoma
264,./Skin cancer ISIC The International Skin Imaging Collaboration/Train/vascular lesion/ISIC_0028680.jpg,benignant,Train,vascular lesion
265,./Skin cancer ISIC The International Skin Imaging Collaboration/Train/dermatofibroma/ISIC_0027598.jpg,benignant,Train,dermatofibroma
266,./Skin cancer ISIC The International Skin Imaging Collaboration/Train/melanoma/ISIC_0010785.jpg,malignant,Train,melanoma
267,./Skin cancer ISIC The International Skin Imaging Collaboration/Train/dermatofibroma/ISIC_0027008.jpg,benignant,Train,dermatofibroma
268,./Skin cancer ISIC The International Skin Imaging Collaboration/Test/basal cell carcinoma/ISIC_0024345.jpg,malignant,Test,basal cell carcinoma
269,./Skin cancer ISIC The International Skin Imaging Collaboration/Train/actinic keratosis/ISIC_0026984.jpg,malignant,Train,actinic keratosis
270,./Skin cancer ISIC The International Skin Imaging Collaboration/Train/nevus/ISIC_0000421.jpg,benignant,Train,nevus
271,./Skin cancer ISIC The International Skin Imaging Collaboration/Train/squamous cell carcinoma/ISIC_0026927.jpg,malignant,Train,squamous cell carcinoma
272,./Skin cancer ISIC The International Skin Imaging Collaboration/Train/nevus/ISIC_0027615.jpg,benignant,Train,nevus
273,./Skin cancer ISIC The International Skin Imaging Collaboration/Train/basal cell carcinoma/ISIC_0026496.jpg,malignant,Train,basal cell carcinoma
274,./Skin cancer ISIC The International Skin Imaging Collaboration/Train/pigmented benign keratosis/ISIC_0027954.jpg,benignant,Train,pigmented benign keratosis
275,./Skin cancer ISIC The International Skin Imaging Collaboration/Train/actinic keratosis/ISIC_0028517.jpg,malignant,Train,actinic keratosis
276,./Skin cancer ISIC The International Skin Imaging Collaboration/Train/pigmented benign keratosis/ISIC_0024890.jpg,benignant,Train,pigmented benign keratosis
277,./Skin cancer ISIC The International Skin Imaging Collaboration/Train/squamous cell carcinoma/ISIC_0030297.jpg,malignant,Train,squamous cell carcinoma
278,./Skin cancer ISIC The International Skin Imaging Collaboration/Train/pigmented benign keratosis/ISIC_0024435.jpg,benignant,Train,pigmented benign keratosis
279,./Skin cancer ISIC The International Skin Imaging Collaboration/Train/pigmented benign keratosis/ISIC_0025659.jpg,benignant,Train,pigmented benign keratosis
280,./Skin cancer ISIC The International Skin Imaging Collaboration/Train/pigmented benign keratosis/ISIC_0027287.jpg,benignant,Train,pigmented benign keratosis
281,./Skin cancer ISIC The International Skin Imaging Collaboration/Train/pigmented benign keratosis/ISIC_0025985.jpg,benignant,Train,pigmented benign keratosis
282,./Skin cancer ISIC The International Skin Imaging Collaboration/Train/basal cell carcinoma/ISIC_0030230.jpg,malignant,Train,basal cell carcinoma
283,./Skin cancer ISIC The International Skin Imaging Collaboration/Train/basal cell carcinoma/ISIC_0024931.jpg,malignant,Train,basal cell carcinoma
284,./Skin cancer ISIC The International Skin Imaging Collaboration/Train/vascular lesion/ISIC_0031706.jpg,benignant,Train,vascular lesion
285,./Skin cancer ISIC The International Skin Imaging Collaboration/Train/pigmented benign keratosis/ISIC_0028308.jpg,benignant,Train,pigmented benign keratosis
286,./Skin cancer ISIC The International Skin Imaging Collaboration/Test/pigmented benign keratosis/ISIC_0024409.jpg,benignant,Test,pigmented benign keratosis
287,./Skin cancer ISIC The International Skin Imaging Collaboration/Train/pigmented benign keratosis/ISIC_0027781.jpg,benignant,Train,pigmented benign keratosis
288,./Skin cancer ISIC The International Skin Imaging Collaboration/Train/melanoma/ISIC_0010265.jpg,malignant,Train,melanoma
289,./Skin cancer ISIC The International Skin Imaging Collaboration/Test/nevus/ISIC_0000010.jpg,benignant,Test,nevus
290,./Skin cancer ISIC The International Skin Imaging Collaboration/Train/pigmented benign keratosis/ISIC_0025103.jpg,benignant,Train,pigmented benign keratosis
291,./Skin cancer ISIC The International Skin Imaging Collaboration/Train/pigmented benign keratosis/ISIC_0028662.jpg,benignant,Train,pigmented benign keratosis
292,./Skin cancer ISIC The International Skin Imaging Collaboration/Train/squamous cell carcinoma/ISIC_0027294.jpg,malignant,Train,squamous cell carcinoma
293,./Skin cancer ISIC The International Skin Imaging Collaboration/Train/melanoma/ISIC_0010106.jpg,malignant,Train,melanoma
294,./Skin cancer ISIC The International Skin Imaging Collaboration/Train/nevus/ISIC_0000358.jpg,benignant,Train,nevus
295,./Skin cancer ISIC The International Skin Imaging Collaboration/Train/melanoma/ISIC_0010503.jpg,malignant,Train,melanoma
296,./Skin cancer ISIC The International Skin Imaging Collaboration/Train/basal cell carcinoma/ISIC_0025299.jpg,malignant,Train,basal cell carcinoma
297,./Skin cancer ISIC The International Skin Imaging Collaboration/Train/nevus/ISIC_0000372.jpg,benignant,Train,nevus
298,./Skin cancer ISIC The International Skin Imaging Collaboration/Test/nevus/ISIC_0000005.jpg,benignant,Test,nevus
299,./Skin cancer ISIC The International Skin Imaging Collaboration/Train/squamous cell carcinoma/ISIC_0027708.jpg,malignant,Train,squamous cell carcinoma
300,./Skin cancer ISIC The International Skin Imaging Collaboration/Train/melanoma/ISIC_0010809.jpg,malignant,Train,melanoma
301,./Skin cancer ISIC The International Skin Imaging Collaboration/Train/pigmented benign keratosis/ISIC_0028646.jpg,benignant,Train,pigmented benign keratosis
302,./Skin cancer ISIC The International Skin Imaging Collaboration/Train/basal cell carcinoma/ISIC_0028858.jpg,malignant,Train,basal cell carcinoma
303,./Skin cancer ISIC The International Skin Imaging Collaboration/Train/squamous cell carcinoma/ISIC_0029315.jpg,malignant,Train,squamous cell carcinoma
304,./Skin cancer ISIC The International Skin Imaging Collaboration/Train/melanoma/ISIC_0001127.jpg,malignant,Train,melanoma
305,./Skin cancer ISIC The International Skin Imaging Collaboration/Train/actinic keratosis/ISIC_0029930.jpg,malignant,Train,actinic keratosis
306,./Skin cancer ISIC The International Skin Imaging Collaboration/Train/nevus/ISIC_0000353.jpg,benignant,Train,nevus
307,./Skin cancer ISIC The International Skin Imaging Collaboration/Train/vascular lesion/ISIC_0026393.jpg,benignant,Train,vascular lesion
308,./Skin cancer ISIC The International Skin Imaging Collaboration/Test/basal cell carcinoma/ISIC_0024403.jpg,malignant,Test,basal cell carcinoma
309,./Skin cancer ISIC The International Skin Imaging Collaboration/Train/basal cell carcinoma/ISIC_0027545.jpg,malignant,Train,basal cell carcinoma
310,./Skin cancer ISIC The International Skin Imaging Collaboration/Train/squamous cell carcinoma/ISIC_0028795.jpg,malignant,Train,squamous cell carcinoma
311,./Skin cancer ISIC The International Skin Imaging Collaboration/Train/pigmented benign keratosis/ISIC_0026219.jpg,benignant,Train,pigmented benign keratosis
312,./Skin cancer ISIC The International Skin Imaging Collaboration/Train/pigmented benign keratosis/ISIC_0027139.jpg,benignant,Train,pigmented benign keratosis
313,./Skin cancer ISIC The International Skin Imaging Collaboration/Train/melanoma/ISIC_0009913.jpg,malignant,Train,melanoma
314,./Skin cancer ISIC The International Skin Imaging Collaboration/Train/melanoma/ISIC_0010251.jpg,malignant,Train,melanoma
315,./Skin cancer ISIC The International Skin Imaging Collaboration/Train/pigmented benign keratosis/ISIC_0027960.jpg,benignant,Train,pigmented benign keratosis
316,./Skin cancer ISIC The International Skin Imaging Collaboration/Train/melanoma/ISIC_0010596.jpg,malignant,Train,melanoma
317,./Skin cancer ISIC The International Skin Imaging Collaboration/Train/basal cell carcinoma/ISIC_0028728.jpg,malignant,Train,basal cell carcinoma
318,./Skin cancer ISIC The International Skin Imaging Collaboration/Train/vascular lesion/ISIC_0033458.jpg,benignant,Train,vascular lesion
319,./Skin cancer ISIC The International Skin Imaging Collaboration/Train/basal cell carcinoma/ISIC_0028890.jpg,malignant,Train,basal cell carcinoma
320,./Skin cancer ISIC The International Skin Imaging Collaboration/Train/pigmented benign keratosis/ISIC_0028448.jpg,benignant,Train,pigmented benign keratosis
321,./Skin cancer ISIC The International Skin Imaging Collaboration/Train/nevus/ISIC_0000336.jpg,benignant,Train,nevus
322,./Skin cancer ISIC The International Skin Imaging Collaboration/Train/basal cell carcinoma/ISIC_0027120.jpg,malignant,Train,basal cell carcinoma
323,./Skin cancer ISIC The International Skin Imaging Collaboration/Train/melanoma/ISIC_0000401.jpg,malignant,Train,melanoma
324,./Skin cancer ISIC The International Skin Imaging Collaboration/Test/melanoma/ISIC_0000002.jpg,malignant,Test,melanoma
325,./Skin cancer ISIC The International Skin Imaging Collaboration/Train/squamous cell carcinoma/ISIC_0028231.jpg,malignant,Train,squamous cell carcinoma
326,./Skin cancer ISIC The International Skin Imaging Collaboration/Train/pigmented benign keratosis/ISIC_0025699.jpg,benignant,Train,pigmented benign keratosis
327,./Skin cancer ISIC The International Skin Imaging Collaboration/Train/basal cell carcinoma/ISIC_0025932.jpg,malignant,Train,basal cell carcinoma
328,./Skin cancer ISIC The International Skin Imaging Collaboration/Train/pigmented benign keratosis/ISIC_0027332.jpg,benignant,Train,pigmented benign keratosis
329,./Skin cancer ISIC The International Skin Imaging Collaboration/Train/actinic keratosis/ISIC_0026702.jpg,malignant,Train,actinic keratosis
330,./Skin cancer ISIC The International Skin Imaging Collaboration/Train/melanoma/ISIC_0001132.jpg,malignant,Train,melanoma
331,./Skin cancer ISIC The International Skin Imaging Collaboration/Train/basal cell carcinoma/ISIC_0025576.jpg,malignant,Train,basal cell carcinoma
332,./Skin cancer ISIC The International Skin Imaging Collaboration/Train/pigmented benign keratosis/ISIC_0027435.jpg,benignant,Train,pigmented benign keratosis
333,./Skin cancer ISIC The International Skin Imaging Collaboration/Train/dermatofibroma/ISIC_0028926.jpg,benignant,Train,dermatofibroma
334,./Skin cancer ISIC The International Skin Imaging Collaboration/Train/pigmented benign keratosis/ISIC_0027367.jpg,benignant,Train,pigmented benign keratosis
335,./Skin cancer ISIC The International Skin Imaging Collaboration/Train/basal cell carcinoma/ISIC_0031243.jpg,malignant,Train,basal cell carcinoma
336,./Skin cancer ISIC The International Skin Imaging Collaboration/Train/basal cell carcinoma/ISIC_0024564.jpg,malignant,Train,basal cell carcinoma
337,./Skin cancer ISIC The International Skin Imaging Collaboration/Train/nevus/ISIC_0026575.jpg,benignant,Train,nevus
338,./Skin cancer ISIC The International Skin Imaging Collaboration/Train/melanoma/ISIC_0010235.jpg,malignant,Train,melanoma
339,./Skin cancer ISIC The International Skin Imaging Collaboration/Train/pigmented benign keratosis/ISIC_0027320.jpg,benignant,Train,pigmented benign keratosis
340,./Skin cancer ISIC The International Skin Imaging Collaboration/Train/vascular lesion/ISIC_0025249.jpg,benignant,Train,vascular lesion
341,./Skin cancer ISIC The International Skin Imaging Collaboration/Train/basal cell carcinoma/ISIC_0028670.jpg,malignant,Train,basal cell carcinoma
342,./Skin cancer ISIC The International Skin Imaging Collaboration/Train/pigmented benign keratosis/ISIC_0027737.jpg,benignant,Train,pigmented benign keratosis
343,./Skin cancer ISIC The International Skin Imaging Collaboration/Train/dermatofibroma/ISIC_0025504.jpg,benignant,Train,dermatofibroma
344,./Skin cancer ISIC The International Skin Imaging Collaboration/Train/nevus/ISIC_0025953.jpg,benignant,Train,nevus
345,./Skin cancer ISIC The International Skin Imaging Collaboration/Train/squamous cell carcinoma/ISIC_0027184.jpg,malignant,Train,squamous cell carcinoma
346,./Skin cancer ISIC The International Skin Imaging Collaboration/Test/dermatofibroma/ISIC_0024994.jpg,benignant,Test,dermatofibroma
347,./Skin cancer ISIC The International Skin Imaging Collaboration/Train/squamous cell carcinoma/ISIC_0032277.jpg,malignant,Train,squamous cell carcinoma
348,./Skin cancer ISIC The International Skin Imaging Collaboration/Train/pigmented benign keratosis/ISIC_0026675.jpg,benignant,Train,pigmented benign keratosis
349,./Skin cancer ISIC The International Skin Imaging Collaboration/Train/nevus/ISIC_0000391.jpg,benignant,Train,nevus
350,./Skin cancer ISIC The International Skin Imaging Collaboration/Train/pigmented benign keratosis/ISIC_0027606.jpg,benignant,Train,pigmented benign keratosis
351,./Skin cancer ISIC The International Skin Imaging Collaboration/Train/pigmented benign keratosis/ISIC_0027326.jpg,benignant,Train,pigmented benign keratosis
352,./Skin cancer ISIC The International Skin Imaging Collaboration/Train/nevus/ISIC_0026709.jpg,benignant,Train,nevus
353,./Skin cancer ISIC The International Skin Imaging Collaboration/Train/melanoma/ISIC_0001141.jpg,malignant,Train,melanoma
354,./Skin cancer ISIC The International Skin Imaging Collaboration/Train/nevus/ISIC_0000265.jpg,benignant,Train,nevus
355,./Skin cancer ISIC The International Skin Imaging Collaboration/Train/dermatofibroma/ISIC_0031309.jpg,benignant,Train,dermatofibroma
356,./Skin cancer ISIC The International Skin Imaging Collaboration/Train/pigmented benign keratosis/ISIC_0026276.jpg,benignant,Train,pigmented benign keratosis
357,./Skin cancer ISIC The International Skin Imaging Collaboration/Train/squamous cell carcinoma/ISIC_0030076.jpg,malignant,Train,squamous cell carcinoma
358,./Skin cancer ISIC The International Skin Imaging Collaboration/Train/nevus/ISIC_0000059.jpg,benignant,Train,nevus
359,./Skin cancer ISIC The International Skin Imaging Collaboration/Test/pigmented benign keratosis/ISIC_0024312.jpg,benignant,Test,pigmented benign keratosis
360,./Skin cancer ISIC The International Skin Imaging Collaboration/Train/pigmented benign keratosis/ISIC_0026783.jpg,benignant,Train,pigmented benign keratosis
361,./Skin cancer ISIC The International Skin Imaging Collaboration/Train/melanoma/ISIC_0000174.jpg,malignant,Train,melanoma
362,./Skin cancer ISIC The International Skin Imaging Collaboration/Train/squamous cell carcinoma/ISIC_0032154.jpg,malignant,Train,squamous cell carcinoma
363,./Skin cancer ISIC The International Skin Imaging Collaboration/Train/basal cell carcinoma/ISIC_0027281.jpg,malignant,Train,basal cell carcinoma
364,./Skin cancer ISIC The International Skin Imaging Collaboration/Train/pigmented benign keratosis/ISIC_0024471.jpg,benignant,Train,pigmented benign keratosis
365,./Skin cancer ISIC The International Skin Imaging Collaboration/Train/pigmented benign keratosis/ISIC_0024708.jpg,benignant,Train,pigmented benign keratosis
366,./Skin cancer ISIC The International Skin Imaging Collaboration/Train/pigmented benign keratosis/ISIC_0026107.jpg,benignant,Train,pigmented benign keratosis
367,./Skin cancer ISIC The International Skin Imaging Collaboration/Train/pigmented benign keratosis/ISIC_0026912.jpg,benignant,Train,pigmented benign keratosis
368,./Skin cancer ISIC The International Skin Imaging Collaboration/Train/pigmented benign keratosis/ISIC_0027454.jpg,benignant,Train,pigmented benign keratosis
369,./Skin cancer ISIC The International Skin Imaging Collaboration/Train/dermatofibroma/ISIC_0027488.jpg,benignant,Train,dermatofibroma
370,./Skin cancer ISIC The International Skin Imaging Collaboration/Train/melanoma/ISIC_0010319.jpg,malignant,Train,melanoma
371,./Skin cancer ISIC The International Skin Imaging Collaboration/Train/melanoma/ISIC_0010358.jpg,malignant,Train,melanoma
372,./Skin cancer ISIC The International Skin Imaging Collaboration/Train/basal cell carcinoma/ISIC_0029951.jpg,malignant,Train,basal cell carcinoma
373,./Skin cancer ISIC The International Skin Imaging Collaboration/Train/seborrheic keratosis/ISIC_0010834.jpg,benignant,Train,seborrheic keratosis
374,./Skin cancer ISIC The International Skin Imaging Collaboration/Train/vascular lesion/ISIC_0026693.jpg,benignant,Train,vascular lesion
375,./Skin cancer ISIC The International Skin Imaging Collaboration/Train/pigmented benign keratosis/ISIC_0027533.jpg,benignant,Train,pigmented benign keratosis
376,./Skin cancer ISIC The International Skin Imaging Collaboration/Train/pigmented benign keratosis/ISIC_0026532.jpg,benignant,Train,pigmented benign keratosis
377,./Skin cancer ISIC The International Skin Imaging Collaboration/Train/nevus/ISIC_0000356.jpg,benignant,Train,nevus
378,./Skin cancer ISIC The International Skin Imaging Collaboration/Train/nevus/ISIC_0000392.jpg,benignant,Train,nevus
379,./Skin cancer ISIC The International Skin Imaging Collaboration/Train/vascular lesion/ISIC_0032890.jpg,benignant,Train,vascular lesion
380,./Skin cancer ISIC The International Skin Imaging Collaboration/Train/basal cell carcinoma/ISIC_0027998.jpg,malignant,Train,basal cell carcinoma
381,./Skin cancer ISIC The International Skin Imaging Collaboration/Train/basal cell carcinoma/ISIC_0027433.jpg,malignant,Train,basal cell carcinoma
382,./Skin cancer ISIC The International Skin Imaging Collaboration/Train/nevus/ISIC_0000060.jpg,benignant,Train,nevus
383,./Skin cancer ISIC The International Skin Imaging Collaboration/Train/melanoma/ISIC_0010366.jpg,malignant,Train,melanoma
384,./Skin cancer ISIC The International Skin Imaging Collaboration/Train/nevus/ISIC_0000219.jpg,benignant,Train,nevus
385,./Skin cancer ISIC The International Skin Imaging Collaboration/Train/basal cell carcinoma/ISIC_0029123.jpg,malignant,Train,basal cell carcinoma
386,./Skin cancer ISIC The International Skin Imaging Collaboration/Train/pigmented benign keratosis/ISIC_0027559.jpg,benignant,Train,pigmented benign keratosis
387,./Skin cancer ISIC The International Skin Imaging Collaboration/Train/melanoma/ISIC_0011043.jpg,malignant,Train,melanoma
388,./Skin cancer ISIC The International Skin Imaging Collaboration/Train/dermatofibroma/ISIC_0025373.jpg,benignant,Train,dermatofibroma
389,./Skin cancer ISIC The International Skin Imaging Collaboration/Train/pigmented benign keratosis/ISIC_0027374.jpg,benignant,Train,pigmented benign keratosis
390,./Skin cancer ISIC The International Skin Imaging Collaboration/Train/melanoma/ISIC_0000159.jpg,malignant,Train,melanoma
391,./Skin cancer ISIC The International Skin Imaging Collaboration/Train/basal cell carcinoma/ISIC_0030138.jpg,malignant,Train,basal cell carcinoma
392,./Skin cancer ISIC The International Skin Imaging Collaboration/Train/basal cell carcinoma/ISIC_0026230.jpg,malignant,Train,basal cell carcinoma
393,./Skin cancer ISIC The International Skin Imaging Collaboration/Train/melanoma/ISIC_0010797.jpg,malignant,Train,melanoma
394,./Skin cancer ISIC The International Skin Imaging Collaboration/Train/melanoma/ISIC_0010767.jpg,malignant,Train,melanoma
395,./Skin cancer ISIC The International Skin Imaging Collaboration/Train/dermatofibroma/ISIC_0030321.jpg,benignant,Train,dermatofibroma
396,./Skin cancer ISIC The International Skin Imaging Collaboration/Train/basal cell carcinoma/ISIC_0031597.jpg,malignant,Train,basal cell carcinoma
397,./Skin cancer ISIC The International Skin Imaging Collaboration/Train/pigmented benign keratosis/ISIC_0027370.jpg,benignant,Train,pigmented benign keratosis
398,./Skin cancer ISIC The International Skin Imaging Collaboration/Train/basal cell carcinoma/ISIC_0026716.jpg,malignant,Train,basal cell carcinoma
399,./Skin cancer ISIC The International Skin Imaging Collaboration/Train/vascular lesion/ISIC_0024475.jpg,benignant,Train,vascular lesion
400,./Skin cancer ISIC The International Skin Imaging Collaboration/Train/pigmented benign keratosis/ISIC_0028043.jpg,benignant,Train,pigmented benign keratosis
401,./Skin cancer ISIC The International Skin Imaging Collaboration/Train/melanoma/ISIC_0000553.jpg,malignant,Train,melanoma
402,./Skin cancer ISIC The International Skin Imaging Collaboration/Train/melanoma/ISIC_0000520.jpg,malignant,Train,melanoma
403,./Skin cancer ISIC The International Skin Imaging Collaboration/Train/nevus/ISIC_0000387.jpg,benignant,Train,nevus
404,./Skin cancer ISIC The International Skin Imaging Collaboration/Train/melanoma/ISIC_0009918.jpg,malignant,Train,melanoma
405,./Skin cancer ISIC The International Skin Imaging Collaboration/Train/pigmented benign keratosis/ISIC_0027608.jpg,benignant,Train,pigmented benign keratosis
406,./Skin cancer ISIC The International Skin Imaging Collaboration/Test/dermatofibroma/ISIC_0011677.jpg,benignant,Test,dermatofibroma
407,./Skin cancer ISIC The International Skin Imaging Collaboration/Train/melanoma/ISIC_0010283.jpg,malignant,Train,melanoma
408,./Skin cancer ISIC The International Skin Imaging Collaboration/Train/melanoma/ISIC_0001142.jpg,malignant,Train,melanoma
409,./Skin cancer ISIC The International Skin Imaging Collaboration/Train/melanoma/ISIC_0010423.jpg,malignant,Train,melanoma
410,./Skin cancer ISIC The International Skin Imaging Collaboration/Train/squamous cell carcinoma/ISIC_0030175.jpg,malignant,Train,squamous cell carcinoma
411,./Skin cancer ISIC The International Skin Imaging Collaboration/Train/nevus/ISIC_0000099.jpg,benignant,Train,nevus
412,./Skin cancer ISIC The International Skin Imaging Collaboration/Train/nevus/ISIC_0000227.jpg,benignant,Train,nevus
413,./Skin cancer ISIC The International Skin Imaging Collaboration/Train/squamous cell carcinoma/ISIC_0028659.jpg,malignant,Train,squamous cell carcinoma
414,./Skin cancer ISIC The International Skin Imaging Collaboration/Train/basal cell carcinoma/ISIC_0027819.jpg,malignant,Train,basal cell carcinoma
415,./Skin cancer ISIC The International Skin Imaging Collaboration/Test/dermatofibroma/ISIC_0011433.jpg,benignant,Test,dermatofibroma
416,./Skin cancer ISIC The International Skin Imaging Collaboration/Test/pigmented benign keratosis/ISIC_0024337.jpg,benignant,Test,pigmented benign keratosis
417,./Skin cancer ISIC The International Skin Imaging Collaboration/Test/nevus/ISIC_0000000.jpg,benignant,Test,nevus
418,./Skin cancer ISIC The International Skin Imaging Collaboration/Test/squamous cell carcinoma/ISIC_0024579.jpg,malignant,Test,squamous cell carcinoma
419,./Skin cancer ISIC The International Skin Imaging Collaboration/Train/nevus/ISIC_0000433.jpg,benignant,Train,nevus
420,./Skin cancer ISIC The International Skin Imaging Collaboration/Train/squamous cell carcinoma/ISIC_0031852.jpg,malignant,Train,squamous cell carcinoma
421,./Skin cancer ISIC The International Skin Imaging Collaboration/Train/melanoma/ISIC_0000446.jpg,malignant,Train,melanoma
422,./Skin cancer ISIC The International Skin Imaging Collaboration/Train/pigmented benign keratosis/ISIC_0024696.jpg,benignant,Train,pigmented benign keratosis
423,./Skin cancer ISIC The International Skin Imaging Collaboration/Train/nevus/ISIC_0000472.jpg,benignant,Train,nevus
424,./Skin cancer ISIC The International Skin Imaging Collaboration/Train/basal cell carcinoma/ISIC_0028693.jpg,malignant,Train,basal cell carcinoma
425,./Skin cancer ISIC The International Skin Imaging Collaboration/Train/vascular lesion/ISIC_0033608.jpg,benignant,Train,vascular lesion
426,./Skin cancer ISIC The International Skin Imaging Collaboration/Train/seborrheic keratosis/ISIC_0010923.jpg,benignant,Train,seborrheic keratosis
427,./Skin cancer ISIC The International Skin Imaging Collaboration/Train/nevus/ISIC_0027536.jpg,benignant,Train,nevus
428,./Skin cancer ISIC The International Skin Imaging Collaboration/Train/squamous cell carcinoma/ISIC_0029371.jpg,malignant,Train,squamous cell carcinoma
429,./Skin cancer ISIC The International Skin Imaging Collaboration/Train/basal cell carcinoma/ISIC_0029331.jpg,malignant,Train,basal cell carcinoma
430,./Skin cancer ISIC The International Skin Imaging Collaboration/Train/melanoma/ISIC_0010171.jpg,malignant,Train,melanoma
431,./Skin cancer ISIC The International Skin Imaging Collaboration/Train/melanoma/ISIC_0010007.jpg,malignant,Train,melanoma
432,./Skin cancer ISIC The International Skin Imaging Collaboration/Train/basal cell carcinoma/ISIC_0031166.jpg,malignant,Train,basal cell carcinoma
433,./Skin cancer ISIC The International Skin Imaging Collaboration/Train/basal cell carcinoma/ISIC_0024848.jpg,malignant,Train,basal cell carcinoma
434,./Skin cancer ISIC The International Skin Imaging Collaboration/Train/vascular lesion/ISIC_0034214.jpg,benignant,Train,vascular lesion
435,./Skin cancer ISIC The International Skin Imaging Collaboration/Train/melanoma/ISIC_0010644.jpg,malignant,Train,melanoma
436,./Skin cancer ISIC The International Skin Imaging Collaboration/Train/nevus/ISIC_0026905.jpg,benignant,Train,nevus
437,./Skin cancer ISIC The International Skin Imaging Collaboration/Train/basal cell carcinoma/ISIC_0028652.jpg,malignant,Train,basal cell carcinoma
438,./Skin cancer ISIC The International Skin Imaging Collaboration/Train/squamous cell carcinoma/ISIC_0024843.jpg,malignant,Train,squamous cell carcinoma
439,./Skin cancer ISIC The International Skin Imaging Collaboration/Train/basal cell carcinoma/ISIC_0030782.jpg,malignant,Train,basal cell carcinoma
440,./Skin cancer ISIC The International Skin Imaging Collaboration/Train/vascular lesion/ISIC_0031201.jpg,benignant,Train,vascular lesion
441,./Skin cancer ISIC The International Skin Imaging Collaboration/Train/nevus/ISIC_0000368.jpg,benignant,Train,nevus
442,./Skin cancer ISIC The International Skin Imaging Collaboration/Train/pigmented benign keratosis/ISIC_0026607.jpg,benignant,Train,pigmented benign keratosis
443,./Skin cancer ISIC The International Skin Imaging Collaboration/Train/squamous cell carcinoma/ISIC_0032203.jpg,malignant,Train,squamous cell carcinoma
444,./Skin cancer ISIC The International Skin Imaging Collaboration/Train/melanoma/ISIC_0000551.jpg,malignant,Train,melanoma
445,./Skin cancer ISIC The International Skin Imaging Collaboration/Train/actinic keratosis/ISIC_0029840.jpg,malignant,Train,actinic keratosis
446,./Skin cancer ISIC The International Skin Imaging Collaboration/Train/melanoma/ISIC_0010417.jpg,malignant,Train,melanoma
447,./Skin cancer ISIC The International Skin Imaging Collaboration/Train/melanoma/ISIC_0000550.jpg,malignant,Train,melanoma
448,./Skin cancer ISIC The International Skin Imaging Collaboration/Train/melanoma/ISIC_0001105.jpg,malignant,Train,melanoma
449,./Skin cancer ISIC The International Skin Imaging Collaboration/Train/melanoma/ISIC_0000291.jpg,malignant,Train,melanoma
450,./Skin cancer ISIC The International Skin Imaging Collaboration/Train/melanoma/ISIC_0001101.jpg,malignant,Train,melanoma
451,./Skin cancer ISIC The International Skin Imaging Collaboration/Train/nevus/ISIC_0000224.jpg,benignant,Train,nevus
452,./Skin cancer ISIC The International Skin Imaging Collaboration/Train/nevus/ISIC_0028558.jpg,benignant,Train,nevus
453,./Skin cancer ISIC The International Skin Imaging Collaboration/Train/vascular lesion/ISIC_0032775.jpg,benignant,Train,vascular lesion
454,./Skin cancer ISIC The International Skin Imaging Collaboration/Test/pigmented benign keratosis/ISIC_0024358.jpg,benignant,Test,pigmented benign keratosis
455,./Skin cancer ISIC The International Skin Imaging Collaboration/Train/basal cell carcinoma/ISIC_0030261.jpg,malignant,Train,basal cell carcinoma
456,./Skin cancer ISIC The International Skin Imaging Collaboration/Train/actinic keratosis/ISIC_0033358.jpg,malignant,Train,actinic keratosis
457,./Skin cancer ISIC The International Skin Imaging Collaboration/Train/melanoma/ISIC_0000414.jpg,malignant,Train,melanoma
458,./Skin cancer ISIC The International Skin Imaging Collaboration/Train/basal cell carcinoma/ISIC_0029263.jpg,malignant,Train,basal cell carcinoma
459,./Skin cancer ISIC The International Skin Imaging Collaboration/Train/basal cell carcinoma/ISIC_0027337.jpg,malignant,Train,basal cell carcinoma
460,./Skin cancer ISIC The International Skin Imaging Collaboration/Train/basal cell carcinoma/ISIC_0024665.jpg,malignant,Train,basal cell carcinoma
461,./Skin cancer ISIC The International Skin Imaging Collaboration/Train/basal cell carcinoma/ISIC_0027786.jpg,malignant,Train,basal cell carcinoma
462,./Skin cancer ISIC The International Skin Imaging Collaboration/Train/squamous cell carcinoma/ISIC_0025089.jpg,malignant,Train,squamous cell carcinoma
463,./Skin cancer ISIC The International Skin Imaging Collaboration/Train/nevus/ISIC_0000385.jpg,benignant,Train,nevus
464,./Skin cancer ISIC The International Skin Imaging Collaboration/Train/melanoma/ISIC_0010194.jpg,malignant,Train,melanoma
465,./Skin cancer ISIC The International Skin Imaging Collaboration/Train/pigmented benign keratosis/ISIC_0028615.jpg,benignant,Train,pigmented benign keratosis
466,./Skin cancer ISIC The International Skin Imaging Collaboration/Train/basal cell carcinoma/ISIC_0026350.jpg,malignant,Train,basal cell carcinoma
467,./Skin cancer ISIC The International Skin Imaging Collaboration/Train/vascular lesion/ISIC_0032867.jpg,benignant,Train,vascular lesion
468,./Skin cancer ISIC The International Skin Imaging Collaboration/Train/squamous cell carcinoma/ISIC_0032329.jpg,malignant,Train,squamous cell carcinoma
469,./Skin cancer ISIC The International Skin Imaging Collaboration/Train/nevus/ISIC_0000273.jpg,benignant,Train,nevus
470,./Skin cancer ISIC The International Skin Imaging Collaboration/Train/melanoma/ISIC_0010148.jpg,malignant,Train,melanoma
471,./Skin cancer ISIC The International Skin Imaging Collaboration/Train/basal cell carcinoma/ISIC_0028419.jpg,malignant,Train,basal cell carcinoma
472,./Skin cancer ISIC The International Skin Imaging Collaboration/Train/squamous cell carcinoma/ISIC_0030245.jpg,malignant,Train,squamous cell carcinoma
473,./Skin cancer ISIC The International Skin Imaging Collaboration/Train/melanoma/ISIC_0011030.jpg,malignant,Train,melanoma
474,./Skin cancer ISIC The International Skin Imaging Collaboration/Train/pigmented benign keratosis/ISIC_0027710.jpg,benignant,Train,pigmented benign keratosis
475,./Skin cancer ISIC The International Skin Imaging Collaboration/Train/basal cell carcinoma/ISIC_0031057.jpg,malignant,Train,basal cell carcinoma
476,./Skin cancer ISIC The International Skin Imaging Collaboration/Train/pigmented benign keratosis/ISIC_0024871.jpg,benignant,Train,pigmented benign keratosis
477,./Skin cancer ISIC The International Skin Imaging Collaboration/Train/vascular lesion/ISIC_0033349.jpg,benignant,Train,vascular lesion
478,./Skin cancer ISIC The International Skin Imaging Collaboration/Train/actinic keratosis/ISIC_0032854.jpg,malignant,Train,actinic keratosis
479,./Skin cancer ISIC The International Skin Imaging Collaboration/Train/melanoma/ISIC_0009868.jpg,malignant,Train,melanoma
480,./Skin cancer ISIC The International Skin Imaging Collaboration/Train/pigmented benign keratosis/ISIC_0027344.jpg,benignant,Train,pigmented benign keratosis
481,./Skin cancer ISIC The International Skin Imaging Collaboration/Train/basal cell carcinoma/ISIC_0028583.jpg,malignant,Train,basal cell carcinoma
482,./Skin cancer ISIC The International Skin Imaging Collaboration/Train/basal cell carcinoma/ISIC_0031294.jpg,malignant,Train,basal cell carcinoma
483,./Skin cancer ISIC The International Skin Imaging Collaboration/Train/melanoma/ISIC_0010036.jpg,malignant,Train,melanoma
484,./Skin cancer ISIC The International Skin Imaging Collaboration/Train/dermatofibroma/ISIC_0025622.jpg,benignant,Train,dermatofibroma
485,./Skin cancer ISIC The International Skin Imaging Collaboration/Train/melanoma/ISIC_0010543.jpg,malignant,Train,melanoma
486,./Skin cancer ISIC The International Skin Imaging Collaboration/Train/basal cell carcinoma/ISIC_0029412.jpg,malignant,Train,basal cell carcinoma
487,./Skin cancer ISIC The International Skin Imaging Collaboration/Train/nevus/ISIC_0000507.jpg,benignant,Train,nevus
488,./Skin cancer ISIC The International Skin Imaging Collaboration/Train/basal cell carcinoma/ISIC_0027759.jpg,malignant,Train,basal cell carcinoma
489,./Skin cancer ISIC The International Skin Imaging Collaboration/Train/melanoma/ISIC_0000289.jpg,malignant,Train,melanoma
490,./Skin cancer ISIC The International Skin Imaging Collaboration/Train/pigmented benign keratosis/ISIC_0024839.jpg,benignant,Train,pigmented benign keratosis
491,./Skin cancer ISIC The International Skin Imaging Collaboration/Train/basal cell carcinoma/ISIC_0031169.jpg,malignant,Train,basal cell carcinoma
492,./Skin cancer ISIC The International Skin Imaging Collaboration/Train/melanoma/ISIC_0010938.jpg,malignant,Train,melanoma
493,./Skin cancer ISIC The International Skin Imaging Collaboration/Train/nevus/ISIC_0000515.jpg,benignant,Train,nevus
494,./Skin cancer ISIC The International Skin Imaging Collaboration/Train/melanoma/ISIC_0010482.jpg,malignant,Train,melanoma
495,./Skin cancer ISIC The International Skin Imaging Collaboration/Train/basal cell carcinoma/ISIC_0029899.jpg,malignant,Train,basal cell carcinoma
496,./Skin cancer ISIC The International Skin Imaging Collaboration/Train/nevus/ISIC_0000403.jpg,benignant,Train,nevus
497,./Skin cancer ISIC The International Skin Imaging Collaboration/Train/vascular lesion/ISIC_0033969.jpg,benignant,Train,vascular lesion
498,./Skin cancer ISIC The International Skin Imaging Collaboration/Train/nevus/ISIC_0000501.jpg,benignant,Train,nevus
499,./Skin cancer ISIC The International Skin Imaging Collaboration/Train/melanoma/ISIC_0011181.jpg,malignant,Train,melanoma
500,./Skin cancer ISIC The International Skin Imaging Collaboration/Test/melanoma/ISIC_0000029.jpg,malignant,Test,melanoma
501,./Skin cancer ISIC The International Skin Imaging Collaboration/Train/melanoma/ISIC_0010803.jpg,malignant,Train,melanoma
502,./Skin cancer ISIC The International Skin Imaging Collaboration/Train/pigmented benign keratosis/ISIC_0026634.jpg,benignant,Train,pigmented benign keratosis
503,./Skin cancer ISIC The International Skin Imaging Collaboration/Train/dermatofibroma/ISIC_0033810.jpg,benignant,Train,dermatofibroma
504,./Skin cancer ISIC The International Skin Imaging Collaboration/Train/melanoma/ISIC_0000412.jpg,malignant,Train,melanoma
505,./Skin cancer ISIC The International Skin Imaging Collaboration/Train/melanoma/ISIC_0010081.jpg,malignant,Train,melanoma
506,./Skin cancer ISIC The International Skin Imaging Collaboration/Train/melanoma/ISIC_0000165.jpg,malignant,Train,melanoma
507,./Skin cancer ISIC The International Skin Imaging Collaboration/Train/dermatofibroma/ISIC_0030015.jpg,benignant,Train,dermatofibroma
508,./Skin cancer ISIC The International Skin Imaging Collaboration/Train/basal cell carcinoma/ISIC_0025731.jpg,malignant,Train,basal cell carcinoma
509,./Skin cancer ISIC The International Skin Imaging Collaboration/Train/nevus/ISIC_0027452.jpg,benignant,Train,nevus
510,./Skin cancer ISIC The International Skin Imaging Collaboration/Train/pigmented benign keratosis/ISIC_0024748.jpg,benignant,Train,pigmented benign keratosis
511,./Skin cancer ISIC The International Skin Imaging Collaboration/Train/vascular lesion/ISIC_0032715.jpg,benignant,Train,vascular lesion
512,./Skin cancer ISIC The International Skin Imaging Collaboration/Train/squamous cell carcinoma/ISIC_0031578.jpg,malignant,Train,squamous cell carcinoma
513,./Skin cancer ISIC The International Skin Imaging Collaboration/Train/nevus/ISIC_0000512.jpg,benignant,Train,nevus
514,./Skin cancer ISIC The International Skin Imaging Collaboration/Train/melanoma/ISIC_0010729.jpg,malignant,Train,melanoma
515,./Skin cancer ISIC The International Skin Imaging Collaboration/Train/nevus/ISIC_0000027.jpg,benignant,Train,nevus
516,./Skin cancer ISIC The International Skin Imaging Collaboration/Train/melanoma/ISIC_0000459.jpg,malignant,Train,melanoma
517,./Skin cancer ISIC The International Skin Imaging Collaboration/Train/basal cell carcinoma/ISIC_0026995.jpg,malignant,Train,basal cell carcinoma
518,./Skin cancer ISIC The International Skin Imaging Collaboration/Train/pigmented benign keratosis/ISIC_0024489.jpg,benignant,Train,pigmented benign keratosis
519,./Skin cancer ISIC The International Skin Imaging Collaboration/Train/actinic keratosis/ISIC_0026457.jpg,malignant,Train,actinic keratosis
520,./Skin cancer ISIC The International Skin Imaging Collaboration/Train/basal cell carcinoma/ISIC_0026978.jpg,malignant,Train,basal cell carcinoma
521,./Skin cancer ISIC The International Skin Imaging Collaboration/Train/pigmented benign keratosis/ISIC_0024445.jpg,benignant,Train,pigmented benign keratosis
522,./Skin cancer ISIC The International Skin Imaging Collaboration/Train/dermatofibroma/ISIC_0026313.jpg,benignant,Train,dermatofibroma
523,./Skin cancer ISIC The International Skin Imaging Collaboration/Train/squamous cell carcinoma/ISIC_0028816.jpg,malignant,Train,squamous cell carcinoma
524,./Skin cancer ISIC The International Skin Imaging Collaboration/Train/basal cell carcinoma/ISIC_0025362.jpg,malignant,Train,basal cell carcinoma
525,./Skin cancer ISIC The International Skin Imaging Collaboration/Test/pigmented benign keratosis/ISIC_0024408.jpg,benignant,Test,pigmented benign keratosis
526,./Skin cancer ISIC The International Skin Imaging Collaboration/Train/melanoma/ISIC_0011056.jpg,malignant,Train,melanoma
527,./Skin cancer ISIC The International Skin Imaging Collaboration/Train/dermatofibroma/ISIC_0031443.jpg,benignant,Train,dermatofibroma
528,./Skin cancer ISIC The International Skin Imaging Collaboration/Train/nevus/ISIC_0000330.jpg,benignant,Train,nevus
529,./Skin cancer ISIC The International Skin Imaging Collaboration/Train/dermatofibroma/ISIC_0032114.jpg,benignant,Train,dermatofibroma
530,./Skin cancer ISIC The International Skin Imaging Collaboration/Train/basal cell carcinoma/ISIC_0026282.jpg,malignant,Train,basal cell carcinoma
531,./Skin cancer ISIC The International Skin Imaging Collaboration/Train/melanoma/ISIC_0000156.jpg,malignant,Train,melanoma
532,./Skin cancer ISIC The International Skin Imaging Collaboration/Test/squamous cell carcinoma/ISIC_0011593.jpg,malignant,Test,squamous cell carcinoma
533,./Skin cancer ISIC The International Skin Imaging Collaboration/Train/vascular lesion/ISIC_0025244.jpg,benignant,Train,vascular lesion
534,./Skin cancer ISIC The International Skin Imaging Collaboration/Train/melanoma/ISIC_0010432.jpg,malignant,Train,melanoma
535,./Skin cancer ISIC The International Skin Imaging Collaboration/Train/nevus/ISIC_0000447.jpg,benignant,Train,nevus
536,./Skin cancer ISIC The International Skin Imaging Collaboration/Train/nevus/ISIC_0028820.jpg,benignant,Train,nevus
537,./Skin cancer ISIC The International Skin Imaging Collaboration/Train/seborrheic keratosis/ISIC_0011042.jpg,benignant,Train,seborrheic keratosis
538,./Skin cancer ISIC The International Skin Imaging Collaboration/Train/nevus/ISIC_0024511.jpg,benignant,Train,nevus
539,./Skin cancer ISIC The International Skin Imaging Collaboration/Train/basal cell carcinoma/ISIC_0028671.jpg,malignant,Train,basal cell carcinoma
540,./Skin cancer ISIC The International Skin Imaging Collaboration/Train/basal cell carcinoma/ISIC_0029856.jpg,malignant,Train,basal cell carcinoma
541,./Skin cancer ISIC The International Skin Imaging Collaboration/Train/actinic keratosis/ISIC_0029827.jpg,malignant,Train,actinic keratosis
542,./Skin cancer ISIC The International Skin Imaging Collaboration/Train/melanoma/ISIC_0010478.jpg,malignant,Train,melanoma
543,./Skin cancer ISIC The International Skin Imaging Collaboration/Train/actinic keratosis/ISIC_0029133.jpg,malignant,Train,actinic keratosis
544,./Skin cancer ISIC The International Skin Imaging Collaboration/Train/actinic keratosis/ISIC_0029309.jpg,malignant,Train,actinic keratosis
545,./Skin cancer ISIC The International Skin Imaging Collaboration/Train/melanoma/ISIC_0010728.jpg,malignant,Train,melanoma
546,./Skin cancer ISIC The International Skin Imaging Collaboration/Train/pigmented benign keratosis/ISIC_0025209.jpg,benignant,Train,pigmented benign keratosis
547,./Skin cancer ISIC The International Skin Imaging Collaboration/Train/nevus/ISIC_0027958.jpg,benignant,Train,nevus
548,./Skin cancer ISIC The International Skin Imaging Collaboration/Train/seborrheic keratosis/ISIC_0011031.jpg,benignant,Train,seborrheic keratosis
549,./Skin cancer ISIC The International Skin Imaging Collaboration/Train/nevus/ISIC_0026625.jpg,benignant,Train,nevus
550,./Skin cancer ISIC The International Skin Imaging Collaboration/Train/actinic keratosis/ISIC_0028990.jpg,malignant,Train,actinic keratosis
551,./Skin cancer ISIC The International Skin Imaging Collaboration/Train/pigmented benign keratosis/ISIC_0025515.jpg,benignant,Train,pigmented benign keratosis
552,./Skin cancer ISIC The International Skin Imaging Collaboration/Train/dermatofibroma/ISIC_0028735.jpg,benignant,Train,dermatofibroma
553,./Skin cancer ISIC The International Skin Imaging Collaboration/Train/basal cell carcinoma/ISIC_0028107.jpg,malignant,Train,basal cell carcinoma
554,./Skin cancer ISIC The International Skin Imaging Collaboration/Train/pigmented benign keratosis/ISIC_0028640.jpg,benignant,Train,pigmented benign keratosis
555,./Skin cancer ISIC The International Skin Imaging Collaboration/Test/nevus/ISIC_0000014.jpg,benignant,Test,nevus
556,./Skin cancer ISIC The International Skin Imaging Collaboration/Train/basal cell carcinoma/ISIC_0029820.jpg,malignant,Train,basal cell carcinoma
557,./Skin cancer ISIC The International Skin Imaging Collaboration/Train/dermatofibroma/ISIC_0026629.jpg,benignant,Train,dermatofibroma
558,./Skin cancer ISIC The International Skin Imaging Collaboration/Train/dermatofibroma/ISIC_0029578.jpg,benignant,Train,dermatofibroma
559,./Skin cancer ISIC The International Skin Imaging Collaboration/Train/basal cell carcinoma/ISIC_0025031.jpg,malignant,Train,basal cell carcinoma
560,./Skin cancer ISIC The International Skin Imaging Collaboration/Train/actinic keratosis/ISIC_0028393.jpg,malignant,Train,actinic keratosis
561,./Skin cancer ISIC The International Skin Imaging Collaboration/Train/actinic keratosis/ISIC_0027452.jpg,malignant,Train,actinic keratosis
562,./Skin cancer ISIC The International Skin Imaging Collaboration/Train/nevus/ISIC_0000355.jpg,benignant,Train,nevus
563,./Skin cancer ISIC The International Skin Imaging Collaboration/Train/pigmented benign keratosis/ISIC_0028237.jpg,benignant,Train,pigmented benign keratosis
564,./Skin cancer ISIC The International Skin Imaging Collaboration/Test/dermatofibroma/ISIC_0001114.jpg,benignant,Test,dermatofibroma
565,./Skin cancer ISIC The International Skin Imaging Collaboration/Train/nevus/ISIC_0000041.jpg,benignant,Train,nevus
566,./Skin cancer ISIC The International Skin Imaging Collaboration/Test/basal cell carcinoma/ISIC_0024461.jpg,malignant,Test,basal cell carcinoma
567,./Skin cancer ISIC The International Skin Imaging Collaboration/Train/basal cell carcinoma/ISIC_0028818.jpg,malignant,Train,basal cell carcinoma
568,./Skin cancer ISIC The International Skin Imaging Collaboration/Train/pigmented benign keratosis/ISIC_0026704.jpg,benignant,Train,pigmented benign keratosis
569,./Skin cancer ISIC The International Skin Imaging Collaboration/Train/melanoma/ISIC_0009882.jpg,malignant,Train,melanoma
570,./Skin cancer ISIC The International Skin Imaging Collaboration/Train/pigmented benign keratosis/ISIC_0026174.jpg,benignant,Train,pigmented benign keratosis
571,./Skin cancer ISIC The International Skin Imaging Collaboration/Train/pigmented benign keratosis/ISIC_0026291.jpg,benignant,Train,pigmented benign keratosis
572,./Skin cancer ISIC The International Skin Imaging Collaboration/Train/melanoma/ISIC_0000312.jpg,malignant,Train,melanoma
573,./Skin cancer ISIC The International Skin Imaging Collaboration/Train/melanoma/ISIC_0010878.jpg,malignant,Train,melanoma
574,./Skin cancer ISIC The International Skin Imaging Collaboration/Train/melanoma/ISIC_0010746.jpg,malignant,Train,melanoma
575,./Skin cancer ISIC The International Skin Imaging Collaboration/Train/squamous cell carcinoma/ISIC_0033295.jpg,malignant,Train,squamous cell carcinoma
576,./Skin cancer ISIC The International Skin Imaging Collaboration/Test/melanoma/ISIC_0000036.jpg,malignant,Test,melanoma
577,./Skin cancer ISIC The International Skin Imaging Collaboration/Train/melanoma/ISIC_0000393.jpg,malignant,Train,melanoma
578,./Skin cancer ISIC The International Skin Imaging Collaboration/Train/squamous cell carcinoma/ISIC_0025196.jpg,malignant,Train,squamous cell carcinoma
579,./Skin cancer ISIC The International Skin Imaging Collaboration/Train/melanoma/ISIC_0000278.jpg,malignant,Train,melanoma
580,./Skin cancer ISIC The International Skin Imaging Collaboration/Train/nevus/ISIC_0000488.jpg,benignant,Train,nevus
581,./Skin cancer ISIC The International Skin Imaging Collaboration/Train/melanoma/ISIC_0011094.jpg,malignant,Train,melanoma
582,./Skin cancer ISIC The International Skin Imaging Collaboration/Train/melanoma/ISIC_0000484.jpg,malignant,Train,melanoma
583,./Skin cancer ISIC The International Skin Imaging Collaboration/Train/vascular lesion/ISIC_0032076.jpg,benignant,Train,vascular lesion
584,./Skin cancer ISIC The International Skin Imaging Collaboration/Test/actinic keratosis/ISIC_0024771.jpg,malignant,Test,actinic keratosis
585,./Skin cancer ISIC The International Skin Imaging Collaboration/Train/squamous cell carcinoma/ISIC_0027231.jpg,malignant,Train,squamous cell carcinoma
586,./Skin cancer ISIC The International Skin Imaging Collaboration/Train/melanoma/ISIC_0010000.jpg,malignant,Train,melanoma
587,./Skin cancer ISIC The International Skin Imaging Collaboration/Train/pigmented benign keratosis/ISIC_0025627.jpg,benignant,Train,pigmented benign keratosis
588,./Skin cancer ISIC The International Skin Imaging Collaboration/Train/basal cell carcinoma/ISIC_0028035.jpg,malignant,Train,basal cell carcinoma
589,./Skin cancer ISIC The International Skin Imaging Collaboration/Train/melanoma/ISIC_0000153.jpg,malignant,Train,melanoma
590,./Skin cancer ISIC The International Skin Imaging Collaboration/Train/pigmented benign keratosis/ISIC_0024997.jpg,benignant,Train,pigmented benign keratosis
591,./Skin cancer ISIC The International Skin Imaging Collaboration/Train/squamous cell carcinoma/ISIC_0026083.jpg,malignant,Train,squamous cell carcinoma
592,./Skin cancer ISIC The International Skin Imaging Collaboration/Train/basal cell carcinoma/ISIC_0026213.jpg,malignant,Train,basal cell carcinoma
593,./Skin cancer ISIC The International Skin Imaging Collaboration/Train/nevus/ISIC_0000396.jpg,benignant,Train,nevus
594,./Skin cancer ISIC The International Skin Imaging Collaboration/Train/basal cell carcinoma/ISIC_0026439.jpg,malignant,Train,basal cell carcinoma
595,./Skin cancer ISIC The International Skin Imaging Collaboration/Train/basal cell carcinoma/ISIC_0029669.jpg,malignant,Train,basal cell carcinoma
596,./Skin cancer ISIC The International Skin Imaging Collaboration/Train/actinic keratosis/ISIC_0026848.jpg,malignant,Train,actinic keratosis
597,./Skin cancer ISIC The International Skin Imaging Collaboration/Train/basal cell carcinoma/ISIC_0025793.jpg,malignant,Train,basal cell carcinoma
598,./Skin cancer ISIC The International Skin Imaging Collaboration/Train/actinic keratosis/ISIC_0030408.jpg,malignant,Train,actinic keratosis
599,./Skin cancer ISIC The International Skin Imaging Collaboration/Train/basal cell carcinoma/ISIC_0028577.jpg,malignant,Train,basal cell carcinoma
600,./Skin cancer ISIC The International Skin Imaging Collaboration/Train/melanoma/ISIC_0011121.jpg,malignant,Train,melanoma
601,./Skin cancer ISIC The International Skin Imaging Collaboration/Train/melanoma/ISIC_0010396.jpg,malignant,Train,melanoma
602,./Skin cancer ISIC The International Skin Imaging Collaboration/Train/melanoma/ISIC_0010011.jpg,malignant,Train,melanoma
603,./Skin cancer ISIC The International Skin Imaging Collaboration/Test/melanoma/ISIC_0000056.jpg,malignant,Test,melanoma
604,./Skin cancer ISIC The International Skin Imaging Collaboration/Train/pigmented benign keratosis/ISIC_0026477.jpg,benignant,Train,pigmented benign keratosis
605,./Skin cancer ISIC The International Skin Imaging Collaboration/Test/seborrheic keratosis/ISIC_0010803.jpg,benignant,Test,seborrheic keratosis
606,./Skin cancer ISIC The International Skin Imaging Collaboration/Train/vascular lesion/ISIC_0033565.jpg,benignant,Train,vascular lesion
607,./Skin cancer ISIC The International Skin Imaging Collaboration/Train/melanoma/ISIC_0001148.jpg,malignant,Train,melanoma
608,./Skin cancer ISIC The International Skin Imaging Collaboration/Train/squamous cell carcinoma/ISIC_0031421.jpg,malignant,Train,squamous cell carcinoma
609,./Skin cancer ISIC The International Skin Imaging Collaboration/Train/nevus/ISIC_0000442.jpg,benignant,Train,nevus
610,./Skin cancer ISIC The International Skin Imaging Collaboration/Train/melanoma/ISIC_0010189.jpg,malignant,Train,melanoma
611,./Skin cancer ISIC The International Skin Imaging Collaboration/Train/squamous cell carcinoma/ISIC_0030785.jpg,malignant,Train,squamous cell carcinoma
612,./Skin cancer ISIC The International Skin Imaging Collaboration/Train/melanoma/ISIC_0000434.jpg,malignant,Train,melanoma
613,./Skin cancer ISIC The International Skin Imaging Collaboration/Train/seborrheic keratosis/ISIC_0010890.jpg,benignant,Train,seborrheic keratosis
614,./Skin cancer ISIC The International Skin Imaging Collaboration/Train/pigmented benign keratosis/ISIC_0026422.jpg,benignant,Train,pigmented benign keratosis
615,./Skin cancer ISIC The International Skin Imaging Collaboration/Train/seborrheic keratosis/ISIC_0010898.jpg,benignant,Train,seborrheic keratosis
616,./Skin cancer ISIC The International Skin Imaging Collaboration/Train/vascular lesion/ISIC_0033762.jpg,benignant,Train,vascular lesion
617,./Skin cancer ISIC The International Skin Imaging Collaboration/Test/basal cell carcinoma/ISIC_0024443.jpg,malignant,Test,basal cell carcinoma
618,./Skin cancer ISIC The International Skin Imaging Collaboration/Train/actinic keratosis/ISIC_0026575.jpg,malignant,Train,actinic keratosis
619,./Skin cancer ISIC The International Skin Imaging Collaboration/Train/melanoma/ISIC_0011077.jpg,malignant,Train,melanoma
620,./Skin cancer ISIC The International Skin Imaging Collaboration/Train/pigmented benign keratosis/ISIC_0024915.jpg,benignant,Train,pigmented benign keratosis
621,./Skin cancer ISIC The International Skin Imaging Collaboration/Train/pigmented benign keratosis/ISIC_0026015.jpg,benignant,Train,pigmented benign keratosis
622,./Skin cancer ISIC The International Skin Imaging Collaboration/Train/melanoma/ISIC_0000148.jpg,malignant,Train,melanoma
623,./Skin cancer ISIC The International Skin Imaging Collaboration/Train/seborrheic keratosis/ISIC_0011057.jpg,benignant,Train,seborrheic keratosis
624,./Skin cancer ISIC The International Skin Imaging Collaboration/Train/nevus/ISIC_0000085.jpg,benignant,Train,nevus
625,./Skin cancer ISIC The International Skin Imaging Collaboration/Train/basal cell carcinoma/ISIC_0029020.jpg,malignant,Train,basal cell carcinoma
626,./Skin cancer ISIC The International Skin Imaging Collaboration/Train/melanoma/ISIC_0010890.jpg,malignant,Train,melanoma
627,./Skin cancer ISIC The International Skin Imaging Collaboration/Train/squamous cell carcinoma/ISIC_0025637.jpg,malignant,Train,squamous cell carcinoma
628,./Skin cancer ISIC The International Skin Imaging Collaboration/Test/nevus/ISIC_0000009.jpg,benignant,Test,nevus
629,./Skin cancer ISIC The International Skin Imaging Collaboration/Train/actinic keratosis/ISIC_0025957.jpg,malignant,Train,actinic keratosis
630,./Skin cancer ISIC The International Skin Imaging Collaboration/Train/vascular lesion/ISIC_0024669.jpg,benignant,Train,vascular lesion
631,./Skin cancer ISIC The International Skin Imaging Collaboration/Train/seborrheic keratosis/ISIC_0011045.jpg,benignant,Train,seborrheic keratosis
632,./Skin cancer ISIC The International Skin Imaging Collaboration/Train/nevus/ISIC_0000357.jpg,benignant,Train,nevus
633,./Skin cancer ISIC The International Skin Imaging Collaboration/Train/nevus/ISIC_0000248.jpg,benignant,Train,nevus
634,./Skin cancer ISIC The International Skin Imaging Collaboration/Train/pigmented benign keratosis/ISIC_0026861.jpg,benignant,Train,pigmented benign keratosis
635,./Skin cancer ISIC The International Skin Imaging Collaboration/Test/squamous cell carcinoma/ISIC_0011750.jpg,malignant,Test,squamous cell carcinoma
636,./Skin cancer ISIC The International Skin Imaging Collaboration/Train/melanoma/ISIC_0010866.jpg,malignant,Train,melanoma
637,./Skin cancer ISIC The International Skin Imaging Collaboration/Train/melanoma/ISIC_0000298.jpg,malignant,Train,melanoma
638,./Skin cancer ISIC The International Skin Imaging Collaboration/Train/seborrheic keratosis/ISIC_0010978.jpg,benignant,Train,seborrheic keratosis
639,./Skin cancer ISIC The International Skin Imaging Collaboration/Train/pigmented benign keratosis/ISIC_0026060.jpg,benignant,Train,pigmented benign keratosis
640,./Skin cancer ISIC The International Skin Imaging Collaboration/Train/squamous cell carcinoma/ISIC_0025411.jpg,malignant,Train,squamous cell carcinoma
641,./Skin cancer ISIC The International Skin Imaging Collaboration/Test/actinic keratosis/ISIC_0024511.jpg,malignant,Test,actinic keratosis
642,./Skin cancer ISIC The International Skin Imaging Collaboration/Train/melanoma/ISIC_0001118.jpg,malignant,Train,melanoma
643,./Skin cancer ISIC The International Skin Imaging Collaboration/Train/melanoma/ISIC_0011045.jpg,malignant,Train,melanoma
644,./Skin cancer ISIC The International Skin Imaging Collaboration/Test/seborrheic keratosis/ISIC_0010809.jpg,benignant,Test,seborrheic keratosis
645,./Skin cancer ISIC The International Skin Imaging Collaboration/Train/basal cell carcinoma/ISIC_0030349.jpg,malignant,Train,basal cell carcinoma
646,./Skin cancer ISIC The International Skin Imaging Collaboration/Train/melanoma/ISIC_0010468.jpg,malignant,Train,melanoma
647,./Skin cancer ISIC The International Skin Imaging Collaboration/Train/actinic keratosis/ISIC_0031335.jpg,malignant,Train,actinic keratosis
648,./Skin cancer ISIC The International Skin Imaging Collaboration/Train/actinic keratosis/ISIC_0031108.jpg,malignant,Train,actinic keratosis
649,./Skin cancer ISIC The International Skin Imaging Collaboration/Train/melanoma/ISIC_0010863.jpg,malignant,Train,melanoma
650,./Skin cancer ISIC The International Skin Imaging Collaboration/Train/basal cell carcinoma/ISIC_0031450.jpg,malignant,Train,basal cell carcinoma
651,./Skin cancer ISIC The International Skin Imaging Collaboration/Train/pigmented benign keratosis/ISIC_0026947.jpg,benignant,Train,pigmented benign keratosis
652,./Skin cancer ISIC The International Skin Imaging Collaboration/Train/dermatofibroma/ISIC_0030830.jpg,benignant,Train,dermatofibroma
653,./Skin cancer ISIC The International Skin Imaging Collaboration/Train/melanoma/ISIC_0000173.jpg,malignant,Train,melanoma
654,./Skin cancer ISIC The International Skin Imaging Collaboration/Train/nevus/ISIC_0027884.jpg,benignant,Train,nevus
655,./Skin cancer ISIC The International Skin Imaging Collaboration/Train/melanoma/ISIC_0010546.jpg,malignant,Train,melanoma
656,./Skin cancer ISIC The International Skin Imaging Collaboration/Test/basal cell carcinoma/ISIC_0024332.jpg,malignant,Test,basal cell carcinoma
657,./Skin cancer ISIC The International Skin Imaging Collaboration/Train/actinic keratosis/ISIC_0030586.jpg,malignant,Train,actinic keratosis
658,./Skin cancer ISIC The International Skin Imaging Collaboration/Train/pigmented benign keratosis/ISIC_0025076.jpg,benignant,Train,pigmented benign keratosis
659,./Skin cancer ISIC The International Skin Imaging Collaboration/Train/melanoma/ISIC_0010995.jpg,malignant,Train,melanoma
660,./Skin cancer ISIC The International Skin Imaging Collaboration/Train/nevus/ISIC_0000354.jpg,benignant,Train,nevus
661,./Skin cancer ISIC The International Skin Imaging Collaboration/Train/nevus/ISIC_0000332.jpg,benignant,Train,nevus
662,./Skin cancer ISIC The International Skin Imaging Collaboration/Train/pigmented benign keratosis/ISIC_0028511.jpg,benignant,Train,pigmented benign keratosis
663,./Skin cancer ISIC The International Skin Imaging Collaboration/Train/nevus/ISIC_0026626.jpg,benignant,Train,nevus
664,./Skin cancer ISIC The International Skin Imaging Collaboration/Train/melanoma/ISIC_0011128.jpg,malignant,Train,melanoma
665,./Skin cancer ISIC The International Skin Imaging Collaboration/Train/basal cell carcinoma/ISIC_0028814.jpg,malignant,Train,basal cell carcinoma
666,./Skin cancer ISIC The International Skin Imaging Collaboration/Train/melanoma/ISIC_0011176.jpg,malignant,Train,melanoma
667,./Skin cancer ISIC The International Skin Imaging Collaboration/Train/nevus/ISIC_0000465.jpg,benignant,Train,nevus
668,./Skin cancer ISIC The International Skin Imaging Collaboration/Train/pigmented benign keratosis/ISIC_0027068.jpg,benignant,Train,pigmented benign keratosis
669,./Skin cancer ISIC The International Skin Imaging Collaboration/Train/basal cell carcinoma/ISIC_0025617.jpg,malignant,Train,basal cell carcinoma
670,./Skin cancer ISIC The International Skin Imaging Collaboration/Train/melanoma/ISIC_0011012.jpg,malignant,Train,melanoma
671,./Skin cancer ISIC The International Skin Imaging Collaboration/Train/melanoma/ISIC_0000440.jpg,malignant,Train,melanoma
672,./Skin cancer ISIC The International Skin Imaging Collaboration/Train/basal cell carcinoma/ISIC_0024595.jpg,malignant,Train,basal cell carcinoma
673,./Skin cancer ISIC The International Skin Imaging Collaboration/Train/squamous cell carcinoma/ISIC_0026645.jpg,malignant,Train,squamous cell carcinoma
674,./Skin cancer ISIC The International Skin Imaging Collaboration/Train/melanoma/ISIC_0010470.jpg,malignant,Train,melanoma
675,./Skin cancer ISIC The International Skin Imaging Collaboration/Train/vascular lesion/ISIC_0026349.jpg,benignant,Train,vascular lesion
676,./Skin cancer ISIC The International Skin Imaging Collaboration/Train/melanoma/ISIC_0000405.jpg,malignant,Train,melanoma
677,./Skin cancer ISIC The International Skin Imaging Collaboration/Train/vascular lesion/ISIC_0029742.jpg,benignant,Train,vascular lesion
678,./Skin cancer ISIC The International Skin Imaging Collaboration/Train/seborrheic keratosis/ISIC_0010872.jpg,benignant,Train,seborrheic keratosis
679,./Skin cancer ISIC The International Skin Imaging Collaboration/Train/dermatofibroma/ISIC_0030442.jpg,benignant,Train,dermatofibroma
680,./Skin cancer ISIC The International Skin Imaging Collaboration/Train/melanoma/ISIC_0000314.jpg,malignant,Train,melanoma
681,./Skin cancer ISIC The International Skin Imaging Collaboration/Train/melanoma/ISIC_0010080.jpg,malignant,Train,melanoma
682,./Skin cancer ISIC The International Skin Imaging Collaboration/Train/nevus/ISIC_0000322.jpg,benignant,Train,nevus
683,./Skin cancer ISIC The International Skin Imaging Collaboration/Train/pigmented benign keratosis/ISIC_0027218.jpg,benignant,Train,pigmented benign keratosis
684,./Skin cancer ISIC The International Skin Imaging Collaboration/Train/nevus/ISIC_0000543.jpg,benignant,Train,nevus
685,./Skin cancer ISIC The International Skin Imaging Collaboration/Train/melanoma/ISIC_0000482.jpg,malignant,Train,melanoma
686,./Skin cancer ISIC The International Skin Imaging Collaboration/Train/melanoma/ISIC_0000487.jpg,malignant,Train,melanoma
687,./Skin cancer ISIC The International Skin Imaging Collaboration/Train/basal cell carcinoma/ISIC_0027544.jpg,malignant,Train,basal cell carcinoma
688,./Skin cancer ISIC The International Skin Imaging Collaboration/Train/melanoma/ISIC_0010597.jpg,malignant,Train,melanoma
689,./Skin cancer ISIC The International Skin Imaging Collaboration/Train/melanoma/ISIC_0009905.jpg,malignant,Train,melanoma
690,./Skin cancer ISIC The International Skin Imaging Collaboration/Train/actinic keratosis/ISIC_0031430.jpg,malignant,Train,actinic keratosis
691,./Skin cancer ISIC The International Skin Imaging Collaboration/Train/pigmented benign keratosis/ISIC_0028414.jpg,benignant,Train,pigmented benign keratosis
692,./Skin cancer ISIC The International Skin Imaging Collaboration/Train/pigmented benign keratosis/ISIC_0025767.jpg,benignant,Train,pigmented benign keratosis
693,./Skin cancer ISIC The International Skin Imaging Collaboration/Train/melanoma/ISIC_0010912.jpg,malignant,Train,melanoma
694,./Skin cancer ISIC The International Skin Imaging Collaboration/Train/squamous cell carcinoma/ISIC_0029462.jpg,malignant,Train,squamous cell carcinoma
695,./Skin cancer ISIC The International Skin Imaging Collaboration/Train/melanoma/ISIC_0010094.jpg,malignant,Train,melanoma
696,./Skin cancer ISIC The International Skin Imaging Collaboration/Train/pigmented benign keratosis/ISIC_0026663.jpg,benignant,Train,pigmented benign keratosis
697,./Skin cancer ISIC The International Skin Imaging Collaboration/Train/nevus/ISIC_0000388.jpg,benignant,Train,nevus
698,./Skin cancer ISIC The International Skin Imaging Collaboration/Train/pigmented benign keratosis/ISIC_0025654.jpg,benignant,Train,pigmented benign keratosis
699,./Skin cancer ISIC The International Skin Imaging Collaboration/Train/melanoma/ISIC_0010413.jpg,malignant,Train,melanoma
700,./Skin cancer ISIC The International Skin Imaging Collaboration/Train/dermatofibroma/ISIC_0027216.jpg,benignant,Train,dermatofibroma
701,./Skin cancer ISIC The International Skin Imaging Collaboration/Train/nevus/ISIC_0000337.jpg,benignant,Train,nevus
702,./Skin cancer ISIC The International Skin Imaging Collaboration/Train/vascular lesion/ISIC_0026490.jpg,benignant,Train,vascular lesion
703,./Skin cancer ISIC The International Skin Imaging Collaboration/Train/actinic keratosis/ISIC_0032135.jpg,malignant,Train,actinic keratosis
704,./Skin cancer ISIC The International Skin Imaging Collaboration/Train/actinic keratosis/ISIC_0031922.jpg,malignant,Train,actinic keratosis
705,./Skin cancer ISIC The International Skin Imaging Collaboration/Train/melanoma/ISIC_0011042.jpg,malignant,Train,melanoma
706,./Skin cancer ISIC The International Skin Imaging Collaboration/Train/melanoma/ISIC_0010791.jpg,malignant,Train,melanoma
707,./Skin cancer ISIC The International Skin Imaging Collaboration/Train/squamous cell carcinoma/ISIC_0026178.jpg,malignant,Train,squamous cell carcinoma
708,./Skin cancer ISIC The International Skin Imaging Collaboration/Train/basal cell carcinoma/ISIC_0031009.jpg,malignant,Train,basal cell carcinoma
709,./Skin cancer ISIC The International Skin Imaging Collaboration/Train/basal cell carcinoma/ISIC_0027774.jpg,malignant,Train,basal cell carcinoma
710,./Skin cancer ISIC The International Skin Imaging Collaboration/Train/vascular lesion/ISIC_0033817.jpg,benignant,Train,vascular lesion
711,./Skin cancer ISIC The International Skin Imaging Collaboration/Train/melanoma/ISIC_0010137.jpg,malignant,Train,melanoma
712,./Skin cancer ISIC The International Skin Imaging Collaboration/Train/vascular lesion/ISIC_0033092.jpg,benignant,Train,vascular lesion
713,./Skin cancer ISIC The International Skin Imaging Collaboration/Train/basal cell carcinoma/ISIC_0026118.jpg,malignant,Train,basal cell carcinoma
714,./Skin cancer ISIC The International Skin Imaging Collaboration/Train/vascular lesion/ISIC_0029877.jpg,benignant,Train,vascular lesion
715,./Skin cancer ISIC The International Skin Imaging Collaboration/Train/basal cell carcinoma/ISIC_0028283.jpg,malignant,Train,basal cell carcinoma
716,./Skin cancer ISIC The International Skin Imaging Collaboration/Train/actinic keratosis/ISIC_0030877.jpg,malignant,Train,actinic keratosis
717,./Skin cancer ISIC The International Skin Imaging Collaboration/Train/actinic keratosis/ISIC_0032437.jpg,malignant,Train,actinic keratosis
718,./Skin cancer ISIC The International Skin Imaging Collaboration/Train/nevus/ISIC_0000244.jpg,benignant,Train,nevus
719,./Skin cancer ISIC The International Skin Imaging Collaboration/Train/squamous cell carcinoma/ISIC_0028232.jpg,malignant,Train,squamous cell carcinoma
720,./Skin cancer ISIC The International Skin Imaging Collaboration/Train/melanoma/ISIC_0010923.jpg,malignant,Train,melanoma
721,./Skin cancer ISIC The International Skin Imaging Collaboration/Test/pigmented benign keratosis/ISIC_0024382.jpg,benignant,Test,pigmented benign keratosis
722,./Skin cancer ISIC The International Skin Imaging Collaboration/Train/melanoma/ISIC_0000162.jpg,malignant,Train,melanoma
723,./Skin cancer ISIC The International Skin Imaging Collaboration/Train/pigmented benign keratosis/ISIC_0026265.jpg,benignant,Train,pigmented benign keratosis
724,./Skin cancer ISIC The International Skin Imaging Collaboration/Train/vascular lesion/ISIC_0027903.jpg,benignant,Train,vascular lesion
725,./Skin cancer ISIC The International Skin Imaging Collaboration/Train/basal cell carcinoma/ISIC_0026766.jpg,malignant,Train,basal cell carcinoma
726,./Skin cancer ISIC The International Skin Imaging Collaboration/Train/melanoma/ISIC_0010516.jpg,malignant,Train,melanoma
727,./Skin cancer ISIC The International Skin Imaging Collaboration/Train/vascular lesion/ISIC_0026467.jpg,benignant,Train,vascular lesion
728,./Skin cancer ISIC The International Skin Imaging Collaboration/Train/pigmented benign keratosis/ISIC_0026493.jpg,benignant,Train,pigmented benign keratosis
729,./Skin cancer ISIC The International Skin Imaging Collaboration/Train/actinic keratosis/ISIC_0029781.jpg,malignant,Train,actinic keratosis
730,./Skin cancer ISIC The International Skin Imaging Collaboration/Train/melanoma/ISIC_0010401.jpg,malignant,Train,melanoma
731,./Skin cancer ISIC The International Skin Imaging Collaboration/Train/melanoma/ISIC_0010777.jpg,malignant,Train,melanoma
732,./Skin cancer ISIC The International Skin Imaging Collaboration/Train/nevus/ISIC_0000042.jpg,benignant,Train,nevus
733,./Skin cancer ISIC The International Skin Imaging Collaboration/Train/squamous cell carcinoma/ISIC_0029043.jpg,malignant,Train,squamous cell carcinoma
734,./Skin cancer ISIC The International Skin Imaging Collaboration/Train/nevus/ISIC_0000084.jpg,benignant,Train,nevus
735,./Skin cancer ISIC The International Skin Imaging Collaboration/Train/actinic keratosis/ISIC_0032199.jpg,malignant,Train,actinic keratosis
736,./Skin cancer ISIC The International Skin Imaging Collaboration/Train/actinic keratosis/ISIC_0027829.jpg,malignant,Train,actinic keratosis
737,./Skin cancer ISIC The International Skin Imaging Collaboration/Train/squamous cell carcinoma/ISIC_0028644.jpg,malignant,Train,squamous cell carcinoma
738,./Skin cancer ISIC The International Skin Imaging Collaboration/Train/melanoma/ISIC_0009886.jpg,malignant,Train,melanoma
739,./Skin cancer ISIC The International Skin Imaging Collaboration/Train/pigmented benign keratosis/ISIC_0028376.jpg,benignant,Train,pigmented benign keratosis
740,./Skin cancer ISIC The International Skin Imaging Collaboration/Train/pigmented benign keratosis/ISIC_0028080.jpg,benignant,Train,pigmented benign keratosis
741,./Skin cancer ISIC The International Skin Imaging Collaboration/Train/pigmented benign keratosis/ISIC_0027463.jpg,benignant,Train,pigmented benign keratosis
742,./Skin cancer ISIC The International Skin Imaging Collaboration/Train/melanoma/ISIC_0010714.jpg,malignant,Train,melanoma
743,./Skin cancer ISIC The International Skin Imaging Collaboration/Train/melanoma/ISIC_0011125.jpg,malignant,Train,melanoma
744,./Skin cancer ISIC The International Skin Imaging Collaboration/Train/pigmented benign keratosis/ISIC_0025030.jpg,benignant,Train,pigmented benign keratosis
745,./Skin cancer ISIC The International Skin Imaging Collaboration/Train/pigmented benign keratosis/ISIC_0025140.jpg,benignant,Train,pigmented benign keratosis
746,./Skin cancer ISIC The International Skin Imaging Collaboration/Train/basal cell carcinoma/ISIC_0027966.jpg,malignant,Train,basal cell carcinoma
747,./Skin cancer ISIC The International Skin Imaging Collaboration/Train/nevus/ISIC_0027562.jpg,benignant,Train,nevus
748,./Skin cancer ISIC The International Skin Imaging Collaboration/Train/vascular lesion/ISIC_0024904.jpg,benignant,Train,vascular lesion
749,./Skin cancer ISIC The International Skin Imaging Collaboration/Train/nevus/ISIC_0000232.jpg,benignant,Train,nevus
750,./Skin cancer ISIC The International Skin Imaging Collaboration/Train/melanoma/ISIC_0010925.jpg,malignant,Train,melanoma
751,./Skin cancer ISIC The International Skin Imaging Collaboration/Train/melanoma/ISIC_0009898.jpg,malignant,Train,melanoma
752,./Skin cancer ISIC The International Skin Imaging Collaboration/Train/actinic keratosis/ISIC_0029915.jpg,malignant,Train,actinic keratosis
753,./Skin cancer ISIC The International Skin Imaging Collaboration/Train/pigmented benign keratosis/ISIC_0025312.jpg,benignant,Train,pigmented benign keratosis
754,./Skin cancer ISIC The International Skin Imaging Collaboration/Train/pigmented benign keratosis/ISIC_0027990.jpg,benignant,Train,pigmented benign keratosis
755,./Skin cancer ISIC The International Skin Imaging Collaboration/Test/dermatofibroma/ISIC_0001130.jpg,benignant,Test,dermatofibroma
756,./Skin cancer ISIC The International Skin Imaging Collaboration/Train/melanoma/ISIC_0009993.jpg,malignant,Train,melanoma
757,./Skin cancer ISIC The International Skin Imaging Collaboration/Train/nevus/ISIC_0000066.jpg,benignant,Train,nevus
758,./Skin cancer ISIC The International Skin Imaging Collaboration/Train/vascular lesion/ISIC_0026163.jpg,benignant,Train,vascular lesion
759,./Skin cancer ISIC The International Skin Imaging Collaboration/Train/pigmented benign keratosis/ISIC_0024851.jpg,benignant,Train,pigmented benign keratosis
760,./Skin cancer ISIC The International Skin Imaging Collaboration/Train/nevus/ISIC_0000514.jpg,benignant,Train,nevus
761,./Skin cancer ISIC The International Skin Imaging Collaboration/Train/pigmented benign keratosis/ISIC_0027041.jpg,benignant,Train,pigmented benign keratosis
762,./Skin cancer ISIC The International Skin Imaging Collaboration/Train/melanoma/ISIC_0000462.jpg,malignant,Train,melanoma
763,./Skin cancer ISIC The International Skin Imaging Collaboration/Train/nevus/ISIC_0000063.jpg,benignant,Train,nevus
764,./Skin cancer ISIC The International Skin Imaging Collaboration/Train/seborrheic keratosis/ISIC_0010852.jpg,benignant,Train,seborrheic keratosis
765,./Skin cancer ISIC The International Skin Imaging Collaboration/Test/melanoma/ISIC_0000043.jpg,malignant,Test,melanoma
766,./Skin cancer ISIC The International Skin Imaging Collaboration/Train/basal cell carcinoma/ISIC_0028113.jpg,malignant,Train,basal cell carcinoma
767,./Skin cancer ISIC The International Skin Imaging Collaboration/Train/vascular lesion/ISIC_0025628.jpg,benignant,Train,vascular lesion
768,./Skin cancer ISIC The International Skin Imaging Collaboration/Train/nevus/ISIC_0027650.jpg,benignant,Train,nevus
769,./Skin cancer ISIC The International Skin Imaging Collaboration/Train/melanoma/ISIC_0000519.jpg,malignant,Train,melanoma
770,./Skin cancer ISIC The International Skin Imaging Collaboration/Train/pigmented benign keratosis/ISIC_0025275.jpg,benignant,Train,pigmented benign keratosis
771,./Skin cancer ISIC The International Skin Imaging Collaboration/Train/squamous cell carcinoma/ISIC_0025182.jpg,malignant,Train,squamous cell carcinoma
772,./Skin cancer ISIC The International Skin Imaging Collaboration/Train/nevus/ISIC_0000324.jpg,benignant,Train,nevus
773,./Skin cancer ISIC The International Skin Imaging Collaboration/Train/actinic keratosis/ISIC_0029460.jpg,malignant,Train,actinic keratosis
774,./Skin cancer ISIC The International Skin Imaging Collaboration/Train/nevus/ISIC_0000270.jpg,benignant,Train,nevus
775,./Skin cancer ISIC The International Skin Imaging Collaboration/Train/melanoma/ISIC_0010372.jpg,malignant,Train,melanoma
776,./Skin cancer ISIC The International Skin Imaging Collaboration/Train/squamous cell carcinoma/ISIC_0026206.jpg,malignant,Train,squamous cell carcinoma
777,./Skin cancer ISIC The International Skin Imaging Collaboration/Train/dermatofibroma/ISIC_0031457.jpg,benignant,Train,dermatofibroma
778,./Skin cancer ISIC The International Skin Imaging Collaboration/Test/melanoma/ISIC_0000013.jpg,malignant,Test,melanoma
779,./Skin cancer ISIC The International Skin Imaging Collaboration/Train/melanoma/ISIC_0011099.jpg,malignant,Train,melanoma
780,./Skin cancer ISIC The International Skin Imaging Collaboration/Train/basal cell carcinoma/ISIC_0025650.jpg,malignant,Train,basal cell carcinoma
781,./Skin cancer ISIC The International Skin Imaging Collaboration/Train/nevus/ISIC_0000475.jpg,benignant,Train,nevus
782,./Skin cancer ISIC The International Skin Imaging Collaboration/Train/nevus/ISIC_0000342.jpg,benignant,Train,nevus
783,./Skin cancer ISIC The International Skin Imaging Collaboration/Train/pigmented benign keratosis/ISIC_0027652.jpg,benignant,Train,pigmented benign keratosis
784,./Skin cancer ISIC The International Skin Imaging Collaboration/Train/melanoma/ISIC_0010719.jpg,malignant,Train,melanoma
785,./Skin cancer ISIC The International Skin Imaging Collaboration/Train/basal cell carcinoma/ISIC_0026968.jpg,malignant,Train,basal cell carcinoma
786,./Skin cancer ISIC The International Skin Imaging Collaboration/Train/dermatofibroma/ISIC_0033626.jpg,benignant,Train,dermatofibroma
787,./Skin cancer ISIC The International Skin Imaging Collaboration/Train/nevus/ISIC_0000360.jpg,benignant,Train,nevus
788,./Skin cancer ISIC The International Skin Imaging Collaboration/Test/squamous cell carcinoma/ISIC_0024418.jpg,malignant,Test,squamous cell carcinoma
789,./Skin cancer ISIC The International Skin Imaging Collaboration/Train/seborrheic keratosis/ISIC_0011112.jpg,benignant,Train,seborrheic keratosis
790,./Skin cancer ISIC The International Skin Imaging Collaboration/Train/melanoma/ISIC_0011174.jpg,malignant,Train,melanoma
791,./Skin cancer ISIC The International Skin Imaging Collaboration/Train/melanoma/ISIC_0000404.jpg,malignant,Train,melanoma
792,./Skin cancer ISIC The International Skin Imaging Collaboration/Train/basal cell carcinoma/ISIC_0027135.jpg,malignant,Train,basal cell carcinoma
793,./Skin cancer ISIC The International Skin Imaging Collaboration/Test/nevus/ISIC_0000003.jpg,benignant,Test,nevus
794,./Skin cancer ISIC The International Skin Imaging Collaboration/Train/melanoma/ISIC_0000285.jpg,malignant,Train,melanoma
795,./Skin cancer ISIC The International Skin Imaging Collaboration/Train/pigmented benign keratosis/ISIC_0024740.jpg,benignant,Train,pigmented benign keratosis
796,./Skin cancer ISIC The International Skin Imaging Collaboration/Train/vascular lesion/ISIC_0028406.jpg,benignant,Train,vascular lesion
797,./Skin cancer ISIC The International Skin Imaging Collaboration/Train/dermatofibroma/ISIC_0031271.jpg,benignant,Train,dermatofibroma
798,./Skin cancer ISIC The International Skin Imaging Collaboration/Train/squamous cell carcinoma/ISIC_0026492.jpg,malignant,Train,squamous cell carcinoma
799,./Skin cancer ISIC The International Skin Imaging Collaboration/Train/melanoma/ISIC_0010400.jpg,malignant,Train,melanoma
800,./Skin cancer ISIC The International Skin Imaging Collaboration/Train/basal cell carcinoma/ISIC_0025818.jpg,malignant,Train,basal cell carcinoma
801,./Skin cancer ISIC The International Skin Imaging Collaboration/Train/pigmented benign keratosis/ISIC_0027142.jpg,benignant,Train,pigmented benign keratosis
802,./Skin cancer ISIC The International Skin Imaging Collaboration/Train/actinic keratosis/ISIC_0026765.jpg,malignant,Train,actinic keratosis
803,./Skin cancer ISIC The International Skin Imaging Collaboration/Train/nevus/ISIC_0000455.jpg,benignant,Train,nevus
804,./Skin cancer ISIC The International Skin Imaging Collaboration/Train/pigmented benign keratosis/ISIC_0026835.jpg,benignant,Train,pigmented benign keratosis
805,./Skin cancer ISIC The International Skin Imaging Collaboration/Train/basal cell carcinoma/ISIC_0028765.jpg,malignant,Train,basal cell carcinoma
806,./Skin cancer ISIC The International Skin Imaging Collaboration/Train/pigmented benign keratosis/ISIC_0027018.jpg,benignant,Train,pigmented benign keratosis
807,./Skin cancer ISIC The International Skin Imaging Collaboration/Train/pigmented benign keratosis/ISIC_0028180.jpg,benignant,Train,pigmented benign keratosis
808,./Skin cancer ISIC The International Skin Imaging Collaboration/Train/melanoma/ISIC_0010778.jpg,malignant,Train,melanoma
809,./Skin cancer ISIC The International Skin Imaging Collaboration/Train/melanoma/ISIC_0011166.jpg,malignant,Train,melanoma
810,./Skin cancer ISIC The International Skin Imaging Collaboration/Train/basal cell carcinoma/ISIC_0028570.jpg,malignant,Train,basal cell carcinoma
811,./Skin cancer ISIC The International Skin Imaging Collaboration/Train/nevus/ISIC_0028190.jpg,benignant,Train,nevus
812,./Skin cancer ISIC The International Skin Imaging Collaboration/Train/dermatofibroma/ISIC_0031344.jpg,benignant,Train,dermatofibroma
813,./Skin cancer ISIC The International Skin Imaging Collaboration/Train/nevus/ISIC_0000471.jpg,benignant,Train,nevus
814,./Skin cancer ISIC The International Skin Imaging Collaboration/Train/basal cell carcinoma/ISIC_0029201.jpg,malignant,Train,basal cell carcinoma
815,./Skin cancer ISIC The International Skin Imaging Collaboration/Train/squamous cell carcinoma/ISIC_0028132.jpg,malignant,Train,squamous cell carcinoma
816,./Skin cancer ISIC The International Skin Imaging Collaboration/Train/melanoma/ISIC_0000169.jpg,malignant,Train,melanoma
817,./Skin cancer ISIC The International Skin Imaging Collaboration/Train/squamous cell carcinoma/ISIC_0029610.jpg,malignant,Train,squamous cell carcinoma
818,./Skin cancer ISIC The International Skin Imaging Collaboration/Train/nevus/ISIC_0026040.jpg,benignant,Train,nevus
819,./Skin cancer ISIC The International Skin Imaging Collaboration/Train/basal cell carcinoma/ISIC_0026275.jpg,malignant,Train,basal cell carcinoma
820,./Skin cancer ISIC The International Skin Imaging Collaboration/Train/melanoma/ISIC_0000297.jpg,malignant,Train,melanoma
821,./Skin cancer ISIC The International Skin Imaging Collaboration/Train/squamous cell carcinoma/ISIC_0030707.jpg,malignant,Train,squamous cell carcinoma
822,./Skin cancer ISIC The International Skin Imaging Collaboration/Train/melanoma/ISIC_0010240.jpg,malignant,Train,melanoma
823,./Skin cancer ISIC The International Skin Imaging Collaboration/Train/pigmented benign keratosis/ISIC_0027504.jpg,benignant,Train,pigmented benign keratosis
824,./Skin cancer ISIC The International Skin Imaging Collaboration/Train/vascular lesion/ISIC_0027563.jpg,benignant,Train,vascular lesion
825,./Skin cancer ISIC The International Skin Imaging Collaboration/Train/squamous cell carcinoma/ISIC_0031940.jpg,malignant,Train,squamous cell carcinoma
826,./Skin cancer ISIC The International Skin Imaging Collaboration/Train/seborrheic keratosis/ISIC_0011161.jpg,benignant,Train,seborrheic keratosis
827,./Skin cancer ISIC The International Skin Imaging Collaboration/Train/squamous cell carcinoma/ISIC_0030844.jpg,malignant,Train,squamous cell carcinoma
828,./Skin cancer ISIC The International Skin Imaging Collaboration/Train/melanoma/ISIC_0010808.jpg,malignant,Train,melanoma
829,./Skin cancer ISIC The International Skin Imaging Collaboration/Train/pigmented benign keratosis/ISIC_0027713.jpg,benignant,Train,pigmented benign keratosis
830,./Skin cancer ISIC The International Skin Imaging Collaboration/Train/pigmented benign keratosis/ISIC_0028560.jpg,benignant,Train,pigmented benign keratosis
831,./Skin cancer ISIC The International Skin Imaging Collaboration/Train/basal cell carcinoma/ISIC_0025700.jpg,malignant,Train,basal cell carcinoma
832,./Skin cancer ISIC The International Skin Imaging Collaboration/Train/basal cell carcinoma/ISIC_0028095.jpg,malignant,Train,basal cell carcinoma
833,./Skin cancer ISIC The International Skin Imaging Collaboration/Train/squamous cell carcinoma/ISIC_0024923.jpg,malignant,Train,squamous cell carcinoma
834,./Skin cancer ISIC The International Skin Imaging Collaboration/Train/pigmented benign keratosis/ISIC_0026523.jpg,benignant,Train,pigmented benign keratosis
835,./Skin cancer ISIC The International Skin Imaging Collaboration/Train/dermatofibroma/ISIC_0029297.jpg,benignant,Train,dermatofibroma
836,./Skin cancer ISIC The International Skin Imaging Collaboration/Train/nevus/ISIC_0000023.jpg,benignant,Train,nevus
837,./Skin cancer ISIC The International Skin Imaging Collaboration/Train/squamous cell carcinoma/ISIC_0026720.jpg,malignant,Train,squamous cell carcinoma
838,./Skin cancer ISIC The International Skin Imaging Collaboration/Train/basal cell carcinoma/ISIC_0028687.jpg,malignant,Train,basal cell carcinoma
839,./Skin cancer ISIC The International Skin Imaging Collaboration/Train/basal cell carcinoma/ISIC_0027546.jpg,malignant,Train,basal cell carcinoma
840,./Skin cancer ISIC The International Skin Imaging Collaboration/Train/seborrheic keratosis/ISIC_0010812.jpg,benignant,Train,seborrheic keratosis
841,./Skin cancer ISIC The International Skin Imaging Collaboration/Test/squamous cell carcinoma/ISIC_0024562.jpg,malignant,Test,squamous cell carcinoma
842,./Skin cancer ISIC The International Skin Imaging Collaboration/Train/vascular lesion/ISIC_0029404.jpg,benignant,Train,vascular lesion
843,./Skin cancer ISIC The International Skin Imaging Collaboration/Train/pigmented benign keratosis/ISIC_0027167.jpg,benignant,Train,pigmented benign keratosis
844,./Skin cancer ISIC The International Skin Imaging Collaboration/Train/melanoma/ISIC_0011130.jpg,malignant,Train,melanoma
845,./Skin cancer ISIC The International Skin Imaging Collaboration/Train/basal cell carcinoma/ISIC_0027189.jpg,malignant,Train,basal cell carcinoma
846,./Skin cancer ISIC The International Skin Imaging Collaboration/Train/seborrheic keratosis/ISIC_0011125.jpg,benignant,Train,seborrheic keratosis
847,./Skin cancer ISIC The International Skin Imaging Collaboration/Train/melanoma/ISIC_0010289.jpg,malignant,Train,melanoma
848,./Skin cancer ISIC The International Skin Imaging Collaboration/Test/squamous cell carcinoma/ISIC_0024372.jpg,malignant,Test,squamous cell carcinoma
849,./Skin cancer ISIC The International Skin Imaging Collaboration/Train/nevus/ISIC_0028370.jpg,benignant,Train,nevus
850,./Skin cancer ISIC The International Skin Imaging Collaboration/Train/seborrheic keratosis/ISIC_0010909.jpg,benignant,Train,seborrheic keratosis
851,./Skin cancer ISIC The International Skin Imaging Collaboration/Train/nevus/ISIC_0000032.jpg,benignant,Train,nevus
852,./Skin cancer ISIC The International Skin Imaging Collaboration/Train/melanoma/ISIC_0010789.jpg,malignant,Train,melanoma
853,./Skin cancer ISIC The International Skin Imaging Collaboration/Train/nevus/ISIC_0000483.jpg,benignant,Train,nevus
854,./Skin cancer ISIC The International Skin Imaging Collaboration/Train/vascular lesion/ISIC_0025425.jpg,benignant,Train,vascular lesion
855,./Skin cancer ISIC The International Skin Imaging Collaboration/Test/dermatofibroma/ISIC_0011478.jpg,benignant,Test,dermatofibroma
856,./Skin cancer ISIC The International Skin Imaging Collaboration/Train/nevus/ISIC_0000262.jpg,benignant,Train,nevus
857,./Skin cancer ISIC The International Skin Imaging Collaboration/Train/pigmented benign keratosis/ISIC_0027982.jpg,benignant,Train,pigmented benign keratosis
858,./Skin cancer ISIC The International Skin Imaging Collaboration/Train/basal cell carcinoma/ISIC_0029680.jpg,malignant,Train,basal cell carcinoma
859,./Skin cancer ISIC The International Skin Imaging Collaboration/Train/melanoma/ISIC_0011138.jpg,malignant,Train,melanoma
860,./Skin cancer ISIC The International Skin Imaging Collaboration/Train/nevus/ISIC_0024913.jpg,benignant,Train,nevus
861,./Skin cancer ISIC The International Skin Imaging Collaboration/Train/pigmented benign keratosis/ISIC_0025567.jpg,benignant,Train,pigmented benign keratosis
862,./Skin cancer ISIC The International Skin Imaging Collaboration/Train/pigmented benign keratosis/ISIC_0025746.jpg,benignant,Train,pigmented benign keratosis
863,./Skin cancer ISIC The International Skin Imaging Collaboration/Train/actinic keratosis/ISIC_0027668.jpg,malignant,Train,actinic keratosis
864,./Skin cancer ISIC The International Skin Imaging Collaboration/Train/basal cell carcinoma/ISIC_0029647.jpg,malignant,Train,basal cell carcinoma
865,./Skin cancer ISIC The International Skin Imaging Collaboration/Train/pigmented benign keratosis/ISIC_0026351.jpg,benignant,Train,pigmented benign keratosis
866,./Skin cancer ISIC The International Skin Imaging Collaboration/Train/pigmented benign keratosis/ISIC_0025434.jpg,benignant,Train,pigmented benign keratosis
867,./Skin cancer ISIC The International Skin Imaging Collaboration/Train/nevus/ISIC_0000319.jpg,benignant,Train,nevus
868,./Skin cancer ISIC The International Skin Imaging Collaboration/Train/actinic keratosis/ISIC_0027254.jpg,malignant,Train,actinic keratosis
869,./Skin cancer ISIC The International Skin Imaging Collaboration/Train/seborrheic keratosis/ISIC_0011013.jpg,benignant,Train,seborrheic keratosis
870,./Skin cancer ISIC The International Skin Imaging Collaboration/Train/pigmented benign keratosis/ISIC_0027893.jpg,benignant,Train,pigmented benign keratosis
871,./Skin cancer ISIC The International Skin Imaging Collaboration/Train/actinic keratosis/ISIC_0030730.jpg,malignant,Train,actinic keratosis
872,./Skin cancer ISIC The International Skin Imaging Collaboration/Train/actinic keratosis/ISIC_0030143.jpg,malignant,Train,actinic keratosis
873,./Skin cancer ISIC The International Skin Imaging Collaboration/Train/actinic keratosis/ISIC_0028190.jpg,malignant,Train,actinic keratosis
874,./Skin cancer ISIC The International Skin Imaging Collaboration/Train/vascular lesion/ISIC_0031719.jpg,benignant,Train,vascular lesion
875,./Skin cancer ISIC The International Skin Imaging Collaboration/Train/melanoma/ISIC_0000444.jpg,malignant,Train,melanoma
876,./Skin cancer ISIC The International Skin Imaging Collaboration/Train/basal cell carcinoma/ISIC_0030249.jpg,malignant,Train,basal cell carcinoma
877,./Skin cancer ISIC The International Skin Imaging Collaboration/Train/basal cell carcinoma/ISIC_0025691.jpg,malignant,Train,basal cell carcinoma
878,./Skin cancer ISIC The International Skin Imaging Collaboration/Train/melanoma/ISIC_0001154.jpg,malignant,Train,melanoma
879,./Skin cancer ISIC The International Skin Imaging Collaboration/Train/seborrheic keratosis/ISIC_0011187.jpg,benignant,Train,seborrheic keratosis
880,./Skin cancer ISIC The International Skin Imaging Collaboration/Train/nevus/ISIC_0000364.jpg,benignant,Train,nevus
881,./Skin cancer ISIC The International Skin Imaging Collaboration/Train/basal cell carcinoma/ISIC_0031384.jpg,malignant,Train,basal cell carcinoma
882,./Skin cancer ISIC The International Skin Imaging Collaboration/Train/pigmented benign keratosis/ISIC_0027953.jpg,benignant,Train,pigmented benign keratosis
883,./Skin cancer ISIC The International Skin Imaging Collaboration/Train/squamous cell carcinoma/ISIC_0027178.jpg,malignant,Train,squamous cell carcinoma
884,./Skin cancer ISIC The International Skin Imaging Collaboration/Train/dermatofibroma/ISIC_0025911.jpg,benignant,Train,dermatofibroma
885,./Skin cancer ISIC The International Skin Imaging Collaboration/Train/basal cell carcinoma/ISIC_0028807.jpg,malignant,Train,basal cell carcinoma
886,./Skin cancer ISIC The International Skin Imaging Collaboration/Train/nevus/ISIC_0000493.jpg,benignant,Train,nevus
887,./Skin cancer ISIC The International Skin Imaging Collaboration/Train/seborrheic keratosis/ISIC_0011139.jpg,benignant,Train,seborrheic keratosis
888,./Skin cancer ISIC The International Skin Imaging Collaboration/Train/melanoma/ISIC_0010302.jpg,malignant,Train,melanoma
889,./Skin cancer ISIC The International Skin Imaging Collaboration/Train/melanoma/ISIC_0000296.jpg,malignant,Train,melanoma
890,./Skin cancer ISIC The International Skin Imaging Collaboration/Train/squamous cell carcinoma/ISIC_0030280.jpg,malignant,Train,squamous cell carcinoma
891,./Skin cancer ISIC The International Skin Imaging Collaboration/Train/squamous cell carcinoma/ISIC_0025247.jpg,malignant,Train,squamous cell carcinoma
892,./Skin cancer ISIC The International Skin Imaging Collaboration/Train/pigmented benign keratosis/ISIC_0025716.jpg,benignant,Train,pigmented benign keratosis
893,./Skin cancer ISIC The International Skin Imaging Collaboration/Train/basal cell carcinoma/ISIC_0025557.jpg,malignant,Train,basal cell carcinoma
894,./Skin cancer ISIC The International Skin Imaging Collaboration/Train/nevus/ISIC_0000341.jpg,benignant,Train,nevus
895,./Skin cancer ISIC The International Skin Imaging Collaboration/Train/vascular lesion/ISIC_0030956.jpg,benignant,Train,vascular lesion
896,./Skin cancer ISIC The International Skin Imaging Collaboration/Train/nevus/ISIC_0000375.jpg,benignant,Train,nevus
897,./Skin cancer ISIC The International Skin Imaging Collaboration/.DS_Store,benignant,.,Skin cancer ISIC The International Skin Imaging Collaboration
898,./Skin cancer ISIC The International Skin Imaging Collaboration/Train/nevus/ISIC_0000491.jpg,benignant,Train,nevus
899,./Skin cancer ISIC The International Skin Imaging Collaboration/Train/melanoma/ISIC_0009890.jpg,malignant,Train,melanoma
900,./Skin cancer ISIC The International Skin Imaging Collaboration/Train/basal cell carcinoma/ISIC_0031513.jpg,malignant,Train,basal cell carcinoma
901,./Skin cancer ISIC The International Skin Imaging Collaboration/Train/squamous cell carcinoma/ISIC_0028158.jpg,malignant,Train,squamous cell carcinoma
902,./Skin cancer ISIC The International Skin Imaging Collaboration/Train/pigmented benign keratosis/ISIC_0028449.jpg,benignant,Train,pigmented benign keratosis
903,./Skin cancer ISIC The International Skin Imaging Collaboration/Train/squamous cell carcinoma/ISIC_0026549.jpg,malignant,Train,squamous cell carcinoma
904,./Skin cancer ISIC The International Skin Imaging Collaboration/Train/basal cell carcinoma/ISIC_0028568.jpg,malignant,Train,basal cell carcinoma
905,./Skin cancer ISIC The International Skin Imaging Collaboration/Train/nevus/ISIC_0000091.jpg,benignant,Train,nevus
906,./Skin cancer ISIC The International Skin Imaging Collaboration/Train/actinic keratosis/ISIC_0025803.jpg,malignant,Train,actinic keratosis
907,./Skin cancer ISIC The International Skin Imaging Collaboration/Train/vascular lesion/ISIC_0031103.jpg,benignant,Train,vascular lesion
908,./Skin cancer ISIC The International Skin Imaging Collaboration/Train/melanoma/ISIC_0010977.jpg,malignant,Train,melanoma
909,./Skin cancer ISIC The International Skin Imaging Collaboration/Train/actinic keratosis/ISIC_0033456.jpg,malignant,Train,actinic keratosis
910,./Skin cancer ISIC The International Skin Imaging Collaboration/Train/basal cell carcinoma/ISIC_0028739.jpg,malignant,Train,basal cell carcinoma
911,./Skin cancer ISIC The International Skin Imaging Collaboration/Train/nevus/ISIC_0000473.jpg,benignant,Train,nevus
912,./Skin cancer ISIC The International Skin Imaging Collaboration/Train/nevus/ISIC_0026149.jpg,benignant,Train,nevus
913,./Skin cancer ISIC The International Skin Imaging Collaboration/Train/basal cell carcinoma/ISIC_0028677.jpg,malignant,Train,basal cell carcinoma
914,./Skin cancer ISIC The International Skin Imaging Collaboration/Train/basal cell carcinoma/ISIC_0027531.jpg,malignant,Train,basal cell carcinoma
915,./Skin cancer ISIC The International Skin Imaging Collaboration/Train/vascular lesion/ISIC_0025707.jpg,benignant,Train,vascular lesion
916,./Skin cancer ISIC The International Skin Imaging Collaboration/Train/pigmented benign keratosis/ISIC_0026566.jpg,benignant,Train,pigmented benign keratosis
917,./Skin cancer ISIC The International Skin Imaging Collaboration/Train/pigmented benign keratosis/ISIC_0028236.jpg,benignant,Train,pigmented benign keratosis
918,./Skin cancer ISIC The International Skin Imaging Collaboration/Train/basal cell carcinoma/ISIC_0024634.jpg,malignant,Train,basal cell carcinoma
919,./Skin cancer ISIC The International Skin Imaging Collaboration/Train/melanoma/ISIC_0010120.jpg,malignant,Train,melanoma
920,./Skin cancer ISIC The International Skin Imaging Collaboration/Train/melanoma/ISIC_0000526.jpg,malignant,Train,melanoma
921,./Skin cancer ISIC The International Skin Imaging Collaboration/Train/pigmented benign keratosis/ISIC_0024786.jpg,benignant,Train,pigmented benign keratosis
922,./Skin cancer ISIC The International Skin Imaging Collaboration/Train/squamous cell carcinoma/ISIC_0025264.jpg,malignant,Train,squamous cell carcinoma
923,./Skin cancer ISIC The International Skin Imaging Collaboration/Train/dermatofibroma/ISIC_0027648.jpg,benignant,Train,dermatofibroma
924,./Skin cancer ISIC The International Skin Imaging Collaboration/Train/basal cell carcinoma/ISIC_0030954.jpg,malignant,Train,basal cell carcinoma
925,./Skin cancer ISIC The International Skin Imaging Collaboration/Train/basal cell carcinoma/ISIC_0029564.jpg,malignant,Train,basal cell carcinoma
926,./Skin cancer ISIC The International Skin Imaging Collaboration/Train/squamous cell carcinoma/ISIC_0031929.jpg,malignant,Train,squamous cell carcinoma
927,./Skin cancer ISIC The International Skin Imaging Collaboration/Train/nevus/ISIC_0000349.jpg,benignant,Train,nevus
928,./Skin cancer ISIC The International Skin Imaging Collaboration/Train/basal cell carcinoma/ISIC_0031225.jpg,malignant,Train,basal cell carcinoma
929,./Skin cancer ISIC The International Skin Imaging Collaboration/Train/melanoma/ISIC_0000152.jpg,malignant,Train,melanoma
930,./Skin cancer ISIC The International Skin Imaging Collaboration/Train/pigmented benign keratosis/ISIC_0025986.jpg,benignant,Train,pigmented benign keratosis
931,./Skin cancer ISIC The International Skin Imaging Collaboration/Train/vascular lesion/ISIC_0025606.jpg,benignant,Train,vascular lesion
932,./Skin cancer ISIC The International Skin Imaging Collaboration/Train/vascular lesion/ISIC_0026456.jpg,benignant,Train,vascular lesion
933,./Skin cancer ISIC The International Skin Imaging Collaboration/Train/pigmented benign keratosis/ISIC_0025351.jpg,benignant,Train,pigmented benign keratosis
934,./Skin cancer ISIC The International Skin Imaging Collaboration/Train/pigmented benign keratosis/ISIC_0025378.jpg,benignant,Train,pigmented benign keratosis
935,./Skin cancer ISIC The International Skin Imaging Collaboration/Train/pigmented benign keratosis/ISIC_0024981.jpg,benignant,Train,pigmented benign keratosis
936,./Skin cancer ISIC The International Skin Imaging Collaboration/Test/dermatofibroma/ISIC_0024330.jpg,benignant,Test,dermatofibroma
937,./Skin cancer ISIC The International Skin Imaging Collaboration/Train/nevus/ISIC_0026171.jpg,benignant,Train,nevus
938,./Skin cancer ISIC The International Skin Imaging Collaboration/Train/seborrheic keratosis/ISIC_0011174.jpg,benignant,Train,seborrheic keratosis
939,./Skin cancer ISIC The International Skin Imaging Collaboration/Train/seborrheic keratosis/ISIC_0011043.jpg,benignant,Train,seborrheic keratosis
940,./Skin cancer ISIC The International Skin Imaging Collaboration/Train/squamous cell carcinoma/ISIC_0031927.jpg,malignant,Train,squamous cell carcinoma
941,./Skin cancer ISIC The International Skin Imaging Collaboration/Train/basal cell carcinoma/ISIC_0024673.jpg,malignant,Train,basal cell carcinoma
942,./Skin cancer ISIC The International Skin Imaging Collaboration/Train/basal cell carcinoma/ISIC_0026970.jpg,malignant,Train,basal cell carcinoma
943,./Skin cancer ISIC The International Skin Imaging Collaboration/Train/actinic keratosis/ISIC_0026194.jpg,malignant,Train,actinic keratosis
944,./Skin cancer ISIC The International Skin Imaging Collaboration/Train/basal cell carcinoma/ISIC_0028085.jpg,malignant,Train,basal cell carcinoma
945,./Skin cancer ISIC The International Skin Imaging Collaboration/Train/basal cell carcinoma/ISIC_0026433.jpg,malignant,Train,basal cell carcinoma
946,./Skin cancer ISIC The International Skin Imaging Collaboration/Train/melanoma/ISIC_0001110.jpg,malignant,Train,melanoma
947,./Skin cancer ISIC The International Skin Imaging Collaboration/Train/nevus/ISIC_0027334.jpg,benignant,Train,nevus
948,./Skin cancer ISIC The International Skin Imaging Collaboration/Train/seborrheic keratosis/ISIC_0010912.jpg,benignant,Train,seborrheic keratosis
949,./Skin cancer ISIC The International Skin Imaging Collaboration/Train/melanoma/ISIC_0010267.jpg,malignant,Train,melanoma
950,./Skin cancer ISIC The International Skin Imaging Collaboration/Train/basal cell carcinoma/ISIC_0026395.jpg,malignant,Train,basal cell carcinoma
951,./Skin cancer ISIC The International Skin Imaging Collaboration/Train/basal cell carcinoma/ISIC_0027744.jpg,malignant,Train,basal cell carcinoma
952,./Skin cancer ISIC The International Skin Imaging Collaboration/Test/basal cell carcinoma/ISIC_0024331.jpg,malignant,Test,basal cell carcinoma
953,./Skin cancer ISIC The International Skin Imaging Collaboration/Train/squamous cell carcinoma/ISIC_0025808.jpg,malignant,Train,squamous cell carcinoma
954,./Skin cancer ISIC The International Skin Imaging Collaboration/Train/squamous cell carcinoma/ISIC_0025178.jpg,malignant,Train,squamous cell carcinoma
955,./Skin cancer ISIC The International Skin Imaging Collaboration/Train/melanoma/ISIC_0010466.jpg,malignant,Train,melanoma
956,./Skin cancer ISIC The International Skin Imaging Collaboration/Train/pigmented benign keratosis/ISIC_0027680.jpg,benignant,Train,pigmented benign keratosis
957,./Skin cancer ISIC The International Skin Imaging Collaboration/Train/nevus/ISIC_0000532.jpg,benignant,Train,nevus
958,./Skin cancer ISIC The International Skin Imaging Collaboration/Train/melanoma/ISIC_0010536.jpg,malignant,Train,melanoma
959,./Skin cancer ISIC The International Skin Imaging Collaboration/Train/nevus/ISIC_0028063.jpg,benignant,Train,nevus
960,./Skin cancer ISIC The International Skin Imaging Collaboration/Train/basal cell carcinoma/ISIC_0026656.jpg,malignant,Train,basal cell carcinoma
961,./Skin cancer ISIC The International Skin Imaging Collaboration/Train/melanoma/ISIC_0009950.jpg,malignant,Train,melanoma
962,./Skin cancer ISIC The International Skin Imaging Collaboration/Train/pigmented benign keratosis/ISIC_0028611.jpg,benignant,Train,pigmented benign keratosis
963,./Skin cancer ISIC The International Skin Imaging Collaboration/Train/pigmented benign keratosis/ISIC_0028120.jpg,benignant,Train,pigmented benign keratosis
964,./Skin cancer ISIC The International Skin Imaging Collaboration/Train/basal cell carcinoma/ISIC_0026831.jpg,malignant,Train,basal cell carcinoma
965,./Skin cancer ISIC The International Skin Imaging Collaboration/Train/melanoma/ISIC_0010415.jpg,malignant,Train,melanoma
966,./Skin cancer ISIC The International Skin Imaging Collaboration/Train/dermatofibroma/ISIC_0027613.jpg,benignant,Train,dermatofibroma
967,./Skin cancer ISIC The International Skin Imaging Collaboration/Train/nevus/ISIC_0000225.jpg,benignant,Train,nevus
968,./Skin cancer ISIC The International Skin Imaging Collaboration/Train/pigmented benign keratosis/ISIC_0026044.jpg,benignant,Train,pigmented benign keratosis
969,./Skin cancer ISIC The International Skin Imaging Collaboration/Train/vascular lesion/ISIC_0033254.jpg,benignant,Train,vascular lesion
970,./Skin cancer ISIC The International Skin Imaging Collaboration/Train/nevus/ISIC_0000347.jpg,benignant,Train,nevus
971,./Skin cancer ISIC The International Skin Imaging Collaboration/Train/squamous cell carcinoma/ISIC_0032947.jpg,malignant,Train,squamous cell carcinoma
972,./Skin cancer ISIC The International Skin Imaging Collaboration/Train/pigmented benign keratosis/ISIC_0027026.jpg,benignant,Train,pigmented benign keratosis
973,./Skin cancer ISIC The International Skin Imaging Collaboration/Train/vascular lesion/ISIC_0028163.jpg,benignant,Train,vascular lesion
974,./Skin cancer ISIC The International Skin Imaging Collaboration/Train/actinic keratosis/ISIC_0026625.jpg,malignant,Train,actinic keratosis
975,./Skin cancer ISIC The International Skin Imaging Collaboration/Train/nevus/ISIC_0000476.jpg,benignant,Train,nevus
976,./Skin cancer ISIC The International Skin Imaging Collaboration/Train/pigmented benign keratosis/ISIC_0025529.jpg,benignant,Train,pigmented benign keratosis
977,./Skin cancer ISIC The International Skin Imaging Collaboration/Train/basal cell carcinoma/ISIC_0024984.jpg,malignant,Train,basal cell carcinoma
978,./Skin cancer ISIC The International Skin Imaging Collaboration/Train/nevus/ISIC_0000268.jpg,benignant,Train,nevus
979,./Skin cancer ISIC The International Skin Imaging Collaboration/Train/melanoma/ISIC_0010469.jpg,malignant,Train,melanoma
980,./Skin cancer ISIC The International Skin Imaging Collaboration/Train/basal cell carcinoma/ISIC_0026829.jpg,malignant,Train,basal cell carcinoma
981,./Skin cancer ISIC The International Skin Imaging Collaboration/Train/pigmented benign keratosis/ISIC_0027042.jpg,benignant,Train,pigmented benign keratosis
982,./Skin cancer ISIC The International Skin Imaging Collaboration/Train/melanoma/ISIC_0010860.jpg,malignant,Train,melanoma
983,./Skin cancer ISIC The International Skin Imaging Collaboration/Train/melanoma/ISIC_0000313.jpg,malignant,Train,melanoma
984,./Skin cancer ISIC The International Skin Imaging Collaboration/Train/seborrheic keratosis/ISIC_0011118.jpg,benignant,Train,seborrheic keratosis
985,./Skin cancer ISIC The International Skin Imaging Collaboration/Test/squamous cell carcinoma/ISIC_0012079.jpg,malignant,Test,squamous cell carcinoma
986,./Skin cancer ISIC The International Skin Imaging Collaboration/Train/basal cell carcinoma/ISIC_0024550.jpg,malignant,Train,basal cell carcinoma
987,./Skin cancer ISIC The International Skin Imaging Collaboration/Train/seborrheic keratosis/ISIC_0011030.jpg,benignant,Train,seborrheic keratosis
988,./Skin cancer ISIC The International Skin Imaging Collaboration/Train/basal cell carcinoma/ISIC_0029917.jpg,malignant,Train,basal cell carcinoma
989,./Skin cancer ISIC The International Skin Imaging Collaboration/Train/pigmented benign keratosis/ISIC_0025485.jpg,benignant,Train,pigmented benign keratosis
990,./Skin cancer ISIC The International Skin Imaging Collaboration/Train/pigmented benign keratosis/ISIC_0026827.jpg,benignant,Train,pigmented benign keratosis
991,./Skin cancer ISIC The International Skin Imaging Collaboration/Test/pigmented benign keratosis/ISIC_0024420.jpg,benignant,Test,pigmented benign keratosis
992,./Skin cancer ISIC The International Skin Imaging Collaboration/Train/vascular lesion/ISIC_0031950.jpg,benignant,Train,vascular lesion
993,./Skin cancer ISIC The International Skin Imaging Collaboration/Train/melanoma/ISIC_0011095.jpg,malignant,Train,melanoma
994,./Skin cancer ISIC The International Skin Imaging Collaboration/Train/melanoma/ISIC_0010034.jpg,malignant,Train,melanoma
995,./Skin cancer ISIC The International Skin Imaging Collaboration/Train/squamous cell carcinoma/ISIC_0027084.jpg,malignant,Train,squamous cell carcinoma
996,./Skin cancer ISIC The International Skin Imaging Collaboration/Train/pigmented benign keratosis/ISIC_0028100.jpg,benignant,Train,pigmented benign keratosis
997,./Skin cancer ISIC The International Skin Imaging Collaboration/Train/pigmented benign keratosis/ISIC_0026416.jpg,benignant,Train,pigmented benign keratosis
998,./Skin cancer ISIC The International Skin Imaging Collaboration/Train/pigmented benign keratosis/ISIC_0027151.jpg,benignant,Train,pigmented benign keratosis
999,./Skin cancer ISIC The International Skin Imaging Collaboration/Train/basal cell carcinoma/ISIC_0027371.jpg,malignant,Train,basal cell carcinoma
1000,./Skin cancer ISIC The International Skin Imaging Collaboration/Train/basal cell carcinoma/ISIC_0026643.jpg,malignant,Train,basal cell carcinoma
1001,./Skin cancer ISIC The International Skin Imaging Collaboration/Train/melanoma/ISIC_0000146.jpg,malignant,Train,melanoma
1002,./Skin cancer ISIC The International Skin Imaging Collaboration/Train/basal cell carcinoma/ISIC_0031175.jpg,malignant,Train,basal cell carcinoma
1003,./Skin cancer ISIC The International Skin Imaging Collaboration/Train/nevus/ISIC_0000067.jpg,benignant,Train,nevus
1004,./Skin cancer ISIC The International Skin Imaging Collaboration/Train/dermatofibroma/ISIC_0025771.jpg,benignant,Train,dermatofibroma
1005,./Skin cancer ISIC The International Skin Imaging Collaboration/Train/melanoma/ISIC_0000172.jpg,malignant,Train,melanoma
1006,./Skin cancer ISIC The International Skin Imaging Collaboration/Train/pigmented benign keratosis/ISIC_0025743.jpg,benignant,Train,pigmented benign keratosis
1007,./Skin cancer ISIC The International Skin Imaging Collaboration/Train/pigmented benign keratosis/ISIC_0027770.jpg,benignant,Train,pigmented benign keratosis
1008,./Skin cancer ISIC The International Skin Imaging Collaboration/Train/actinic keratosis/ISIC_0025825.jpg,malignant,Train,actinic keratosis
1009,./Skin cancer ISIC The International Skin Imaging Collaboration/Train/nevus/ISIC_0000058.jpg,benignant,Train,nevus
1010,./Skin cancer ISIC The International Skin Imaging Collaboration/Train/basal cell carcinoma/ISIC_0028877.jpg,malignant,Train,basal cell carcinoma
1011,./Skin cancer ISIC The International Skin Imaging Collaboration/Train/basal cell carcinoma/ISIC_0026865.jpg,malignant,Train,basal cell carcinoma
1012,./Skin cancer ISIC The International Skin Imaging Collaboration/Train/pigmented benign keratosis/ISIC_0025038.jpg,benignant,Train,pigmented benign keratosis
1013,./Skin cancer ISIC The International Skin Imaging Collaboration/Train/pigmented benign keratosis/ISIC_0027279.jpg,benignant,Train,pigmented benign keratosis
1014,./Skin cancer ISIC The International Skin Imaging Collaboration/Train/basal cell carcinoma/ISIC_0030528.jpg,malignant,Train,basal cell carcinoma
1015,./Skin cancer ISIC The International Skin Imaging Collaboration/Train/vascular lesion/ISIC_0029448.jpg,benignant,Train,vascular lesion
1016,./Skin cancer ISIC The International Skin Imaging Collaboration/Train/melanoma/ISIC_0010350.jpg,malignant,Train,melanoma
1017,./Skin cancer ISIC The International Skin Imaging Collaboration/Train/basal cell carcinoma/ISIC_0026988.jpg,malignant,Train,basal cell carcinoma
1018,./Skin cancer ISIC The International Skin Imaging Collaboration/Train/pigmented benign keratosis/ISIC_0026714.jpg,benignant,Train,pigmented benign keratosis
1019,./Skin cancer ISIC The International Skin Imaging Collaboration/Train/melanoma/ISIC_0000150.jpg,malignant,Train,melanoma
1020,./Skin cancer ISIC The International Skin Imaging Collaboration/Train/pigmented benign keratosis/ISIC_0025879.jpg,benignant,Train,pigmented benign keratosis
1021,./Skin cancer ISIC The International Skin Imaging Collaboration/Train/actinic keratosis/ISIC_0026149.jpg,malignant,Train,actinic keratosis
1022,./Skin cancer ISIC The International Skin Imaging Collaboration/Train/basal cell carcinoma/ISIC_0028653.jpg,malignant,Train,basal cell carcinoma
1023,./Skin cancer ISIC The International Skin Imaging Collaboration/Train/basal cell carcinoma/ISIC_0024572.jpg,malignant,Train,basal cell carcinoma
1024,./Skin cancer ISIC The International Skin Imaging Collaboration/Train/pigmented benign keratosis/ISIC_0024774.jpg,benignant,Train,pigmented benign keratosis
1025,./Skin cancer ISIC The International Skin Imaging Collaboration/Train/melanoma/ISIC_0010872.jpg,malignant,Train,melanoma
1026,./Skin cancer ISIC The International Skin Imaging Collaboration/Train/vascular lesion/ISIC_0031996.jpg,benignant,Train,vascular lesion
1027,./Skin cancer ISIC The International Skin Imaging Collaboration/Train/melanoma/ISIC_0001143.jpg,malignant,Train,melanoma
1028,./Skin cancer ISIC The International Skin Imaging Collaboration/Train/pigmented benign keratosis/ISIC_0026941.jpg,benignant,Train,pigmented benign keratosis
1029,./Skin cancer ISIC The International Skin Imaging Collaboration/Test/dermatofibroma/ISIC_0011865.jpg,benignant,Test,dermatofibroma
1030,./Skin cancer ISIC The International Skin Imaging Collaboration/Train/melanoma/ISIC_0009960.jpg,malignant,Train,melanoma
1031,./Skin cancer ISIC The International Skin Imaging Collaboration/Train/nevus/ISIC_0000321.jpg,benignant,Train,nevus
1032,./Skin cancer ISIC The International Skin Imaging Collaboration/Test/squamous cell carcinoma/ISIC_0024463.jpg,malignant,Test,squamous cell carcinoma
1033,./Skin cancer ISIC The International Skin Imaging Collaboration/Train/nevus/ISIC_0000271.jpg,benignant,Train,nevus
1034,./Skin cancer ISIC The International Skin Imaging Collaboration/Train/nevus/ISIC_0000061.jpg,benignant,Train,nevus
1035,./Skin cancer ISIC The International Skin Imaging Collaboration/Train/vascular lesion/ISIC_0027665.jpg,benignant,Train,vascular lesion
1036,./Skin cancer ISIC The International Skin Imaging Collaboration/Train/pigmented benign keratosis/ISIC_0024880.jpg,benignant,Train,pigmented benign keratosis
1037,./Skin cancer ISIC The International Skin Imaging Collaboration/Train/nevus/ISIC_0027580.jpg,benignant,Train,nevus
1038,./Skin cancer ISIC The International Skin Imaging Collaboration/Train/nevus/ISIC_0000461.jpg,benignant,Train,nevus
1039,./Skin cancer ISIC The International Skin Imaging Collaboration/Train/melanoma/ISIC_0010653.jpg,malignant,Train,melanoma
1040,./Skin cancer ISIC The International Skin Imaging Collaboration/Train/melanoma/ISIC_0010759.jpg,malignant,Train,melanoma
1041,./Skin cancer ISIC The International Skin Imaging Collaboration/Train/pigmented benign keratosis/ISIC_0025804.jpg,benignant,Train,pigmented benign keratosis
1042,./Skin cancer ISIC The International Skin Imaging Collaboration/Test/melanoma/ISIC_0000030.jpg,malignant,Test,melanoma
1043,./Skin cancer ISIC The International Skin Imaging Collaboration/Train/actinic keratosis/ISIC_0030463.jpg,malignant,Train,actinic keratosis
1044,./Skin cancer ISIC The International Skin Imaging Collaboration/Train/squamous cell carcinoma/ISIC_0030602.jpg,malignant,Train,squamous cell carcinoma
1045,./Skin cancer ISIC The International Skin Imaging Collaboration/Train/nevus/ISIC_0000489.jpg,benignant,Train,nevus
1046,./Skin cancer ISIC The International Skin Imaging Collaboration/Train/squamous cell carcinoma/ISIC_0032356.jpg,malignant,Train,squamous cell carcinoma
1047,./Skin cancer ISIC The International Skin Imaging Collaboration/Train/squamous cell carcinoma/ISIC_0026152.jpg,malignant,Train,squamous cell carcinoma
1048,./Skin cancer ISIC The International Skin Imaging Collaboration/Test/pigmented benign keratosis/ISIC_0024412.jpg,benignant,Test,pigmented benign keratosis
1049,./Skin cancer ISIC The International Skin Imaging Collaboration/Train/melanoma/ISIC_0010900.jpg,malignant,Train,melanoma
1050,./Skin cancer ISIC The International Skin Imaging Collaboration/Train/nevus/ISIC_0000352.jpg,benignant,Train,nevus
1051,./Skin cancer ISIC The International Skin Imaging Collaboration/Train/basal cell carcinoma/ISIC_0031298.jpg,malignant,Train,basal cell carcinoma
1052,./Skin cancer ISIC The International Skin Imaging Collaboration/Train/nevus/ISIC_0029309.jpg,benignant,Train,nevus
1053,./Skin cancer ISIC The International Skin Imaging Collaboration/Train/pigmented benign keratosis/ISIC_0026961.jpg,benignant,Train,pigmented benign keratosis
1054,./Skin cancer ISIC The International Skin Imaging Collaboration/Train/pigmented benign keratosis/ISIC_0028496.jpg,benignant,Train,pigmented benign keratosis
1055,./Skin cancer ISIC The International Skin Imaging Collaboration/Train/vascular lesion/ISIC_0025677.jpg,benignant,Train,vascular lesion
1056,./Skin cancer ISIC The International Skin Imaging Collaboration/Train/dermatofibroma/ISIC_0027141.jpg,benignant,Train,dermatofibroma
1057,./Skin cancer ISIC The International Skin Imaging Collaboration/Train/pigmented benign keratosis/ISIC_0026441.jpg,benignant,Train,pigmented benign keratosis
1058,./Skin cancer ISIC The International Skin Imaging Collaboration/Train/melanoma/ISIC_0010209.jpg,malignant,Train,melanoma
1059,./Skin cancer ISIC The International Skin Imaging Collaboration/Train/vascular lesion/ISIC_0025578.jpg,benignant,Train,vascular lesion
1060,./Skin cancer ISIC The International Skin Imaging Collaboration/Train/actinic keratosis/ISIC_0027536.jpg,malignant,Train,actinic keratosis
1061,./Skin cancer ISIC The International Skin Imaging Collaboration/Train/basal cell carcinoma/ISIC_0024666.jpg,malignant,Train,basal cell carcinoma
1062,./Skin cancer ISIC The International Skin Imaging Collaboration/Train/basal cell carcinoma/ISIC_0029779.jpg,malignant,Train,basal cell carcinoma
1063,./Skin cancer ISIC The International Skin Imaging Collaboration/Test/dermatofibroma/ISIC_0024386.jpg,benignant,Test,dermatofibroma
1064,./Skin cancer ISIC The International Skin Imaging Collaboration/Train/melanoma/ISIC_0009916.jpg,malignant,Train,melanoma
1065,./Skin cancer ISIC The International Skin Imaging Collaboration/Train/basal cell carcinoma/ISIC_0027865.jpg,malignant,Train,basal cell carcinoma
1066,./Skin cancer ISIC The International Skin Imaging Collaboration/Train/actinic keratosis/ISIC_0029900.jpg,malignant,Train,actinic keratosis
1067,./Skin cancer ISIC The International Skin Imaging Collaboration/Train/basal cell carcinoma/ISIC_0024515.jpg,malignant,Train,basal cell carcinoma
1068,./Skin cancer ISIC The International Skin Imaging Collaboration/Train/seborrheic keratosis/ISIC_0010934.jpg,benignant,Train,seborrheic keratosis
1069,./Skin cancer ISIC The International Skin Imaging Collaboration/Train/basal cell carcinoma/ISIC_0030526.jpg,malignant,Train,basal cell carcinoma
1070,./Skin cancer ISIC The International Skin Imaging Collaboration/Train/basal cell carcinoma/ISIC_0029539.jpg,malignant,Train,basal cell carcinoma
1071,./Skin cancer ISIC The International Skin Imaging Collaboration/Train/pigmented benign keratosis/ISIC_0026365.jpg,benignant,Train,pigmented benign keratosis
1072,./Skin cancer ISIC The International Skin Imaging Collaboration/Train/pigmented benign keratosis/ISIC_0028656.jpg,benignant,Train,pigmented benign keratosis
1073,./Skin cancer ISIC The International Skin Imaging Collaboration/Train/dermatofibroma/ISIC_0033695.jpg,benignant,Train,dermatofibroma
1074,./Skin cancer ISIC The International Skin Imaging Collaboration/Train/squamous cell carcinoma/ISIC_0031198.jpg,malignant,Train,squamous cell carcinoma
1075,./Skin cancer ISIC The International Skin Imaging Collaboration/Train/squamous cell carcinoma/ISIC_0029268.jpg,malignant,Train,squamous cell carcinoma
1076,./Skin cancer ISIC The International Skin Imaging Collaboration/Train/melanoma/ISIC_0010380.jpg,malignant,Train,melanoma
1077,./Skin cancer ISIC The International Skin Imaging Collaboration/Train/pigmented benign keratosis/ISIC_0027310.jpg,benignant,Train,pigmented benign keratosis
1078,./Skin cancer ISIC The International Skin Imaging Collaboration/Train/basal cell carcinoma/ISIC_0031056.jpg,malignant,Train,basal cell carcinoma
1079,./Skin cancer ISIC The International Skin Imaging Collaboration/Train/vascular lesion/ISIC_0032270.jpg,benignant,Train,vascular lesion
1080,./Skin cancer ISIC The International Skin Imaging Collaboration/Train/nevus/ISIC_0000534.jpg,benignant,Train,nevus
1081,./Skin cancer ISIC The International Skin Imaging Collaboration/Train/pigmented benign keratosis/ISIC_0028525.jpg,benignant,Train,pigmented benign keratosis
1082,./Skin cancer ISIC The International Skin Imaging Collaboration/Train/melanoma/ISIC_0010207.jpg,malignant,Train,melanoma
1083,./Skin cancer ISIC The International Skin Imaging Collaboration/Train/vascular lesion/ISIC_0033158.jpg,benignant,Train,vascular lesion
1084,./Skin cancer ISIC The International Skin Imaging Collaboration/Train/melanoma/ISIC_0011158.jpg,malignant,Train,melanoma
1085,./Skin cancer ISIC The International Skin Imaging Collaboration/Train/pigmented benign keratosis/ISIC_0024773.jpg,benignant,Train,pigmented benign keratosis
1086,./Skin cancer ISIC The International Skin Imaging Collaboration/Train/dermatofibroma/ISIC_0025954.jpg,benignant,Train,dermatofibroma
1087,./Skin cancer ISIC The International Skin Imaging Collaboration/Train/pigmented benign keratosis/ISIC_0026614.jpg,benignant,Train,pigmented benign keratosis
1088,./Skin cancer ISIC The International Skin Imaging Collaboration/Train/squamous cell carcinoma/ISIC_0030821.jpg,malignant,Train,squamous cell carcinoma
1089,./Skin cancer ISIC The International Skin Imaging Collaboration/Train/melanoma/ISIC_0010208.jpg,malignant,Train,melanoma
1090,./Skin cancer ISIC The International Skin Imaging Collaboration/Train/basal cell carcinoma/ISIC_0025322.jpg,malignant,Train,basal cell carcinoma
1091,./Skin cancer ISIC The International Skin Imaging Collaboration/Train/nevus/ISIC_0000081.jpg,benignant,Train,nevus
1092,./Skin cancer ISIC The International Skin Imaging Collaboration/Train/basal cell carcinoma/ISIC_0025260.jpg,malignant,Train,basal cell carcinoma
1093,./Skin cancer ISIC The International Skin Imaging Collaboration/Train/pigmented benign keratosis/ISIC_0026631.jpg,benignant,Train,pigmented benign keratosis
1094,./Skin cancer ISIC The International Skin Imaging Collaboration/Train/melanoma/ISIC_0000300.jpg,malignant,Train,melanoma
1095,./Skin cancer ISIC The International Skin Imaging Collaboration/Train/vascular lesion/ISIC_0024747.jpg,benignant,Train,vascular lesion
1096,./Skin cancer ISIC The International Skin Imaging Collaboration/Train/basal cell carcinoma/ISIC_0030197.jpg,malignant,Train,basal cell carcinoma
1097,./Skin cancer ISIC The International Skin Imaging Collaboration/Test/pigmented benign keratosis/ISIC_0024381.jpg,benignant,Test,pigmented benign keratosis
1098,./Skin cancer ISIC The International Skin Imaging Collaboration/Train/dermatofibroma/ISIC_0028346.jpg,benignant,Train,dermatofibroma
1099,./Skin cancer ISIC The International Skin Imaging Collaboration/Train/pigmented benign keratosis/ISIC_0025838.jpg,benignant,Train,pigmented benign keratosis
1100,./Skin cancer ISIC The International Skin Imaging Collaboration/Train/nevus/ISIC_0028854.jpg,benignant,Train,nevus
1101,./Skin cancer ISIC The International Skin Imaging Collaboration/Train/pigmented benign keratosis/ISIC_0026290.jpg,benignant,Train,pigmented benign keratosis
1102,./Skin cancer ISIC The International Skin Imaging Collaboration/Train/melanoma/ISIC_0010385.jpg,malignant,Train,melanoma
1103,./Skin cancer ISIC The International Skin Imaging Collaboration/Train/actinic keratosis/ISIC_0029041.jpg,malignant,Train,actinic keratosis
1104,./Skin cancer ISIC The International Skin Imaging Collaboration/Train/squamous cell carcinoma/ISIC_0025539.jpg,malignant,Train,squamous cell carcinoma
1105,./Skin cancer ISIC The International Skin Imaging Collaboration/Train/melanoma/ISIC_0010023.jpg,malignant,Train,melanoma
1106,./Skin cancer ISIC The International Skin Imaging Collaboration/Train/pigmented benign keratosis/ISIC_0024772.jpg,benignant,Train,pigmented benign keratosis
1107,./Skin cancer ISIC The International Skin Imaging Collaboration/Train/actinic keratosis/ISIC_0026729.jpg,malignant,Train,actinic keratosis
1108,./Skin cancer ISIC The International Skin Imaging Collaboration/Train/seborrheic keratosis/ISIC_0010993.jpg,benignant,Train,seborrheic keratosis
1109,./Skin cancer ISIC The International Skin Imaging Collaboration/Train/pigmented benign keratosis/ISIC_0027706.jpg,benignant,Train,pigmented benign keratosis
1110,./Skin cancer ISIC The International Skin Imaging Collaboration/Train/pigmented benign keratosis/ISIC_0025906.jpg,benignant,Train,pigmented benign keratosis
1111,./Skin cancer ISIC The International Skin Imaging Collaboration/Train/nevus/ISIC_0029041.jpg,benignant,Train,nevus
1112,./Skin cancer ISIC The International Skin Imaging Collaboration/Train/melanoma/ISIC_0000164.jpg,malignant,Train,melanoma
1113,./Skin cancer ISIC The International Skin Imaging Collaboration/Train/basal cell carcinoma/ISIC_0028168.jpg,malignant,Train,basal cell carcinoma
1114,./Skin cancer ISIC The International Skin Imaging Collaboration/Train/pigmented benign keratosis/ISIC_0027996.jpg,benignant,Train,pigmented benign keratosis
1115,./Skin cancer ISIC The International Skin Imaging Collaboration/Train/basal cell carcinoma/ISIC_0028978.jpg,malignant,Train,basal cell carcinoma
1116,./Skin cancer ISIC The International Skin Imaging Collaboration/Train/basal cell carcinoma/ISIC_0031470.jpg,malignant,Train,basal cell carcinoma
1117,./Skin cancer ISIC The International Skin Imaging Collaboration/Train/nevus/ISIC_0000397.jpg,benignant,Train,nevus
1118,./Skin cancer ISIC The International Skin Imaging Collaboration/Train/pigmented benign keratosis/ISIC_0028123.jpg,benignant,Train,pigmented benign keratosis
1119,./Skin cancer ISIC The International Skin Imaging Collaboration/Train/vascular lesion/ISIC_0029486.jpg,benignant,Train,vascular lesion
1120,./Skin cancer ISIC The International Skin Imaging Collaboration/Train/actinic keratosis/ISIC_0027562.jpg,malignant,Train,actinic keratosis
1121,./Skin cancer ISIC The International Skin Imaging Collaboration/Train/pigmented benign keratosis/ISIC_0026958.jpg,benignant,Train,pigmented benign keratosis
1122,./Skin cancer ISIC The International Skin Imaging Collaboration/Train/melanoma/ISIC_0010648.jpg,malignant,Train,melanoma
1123,./Skin cancer ISIC The International Skin Imaging Collaboration/Train/pigmented benign keratosis/ISIC_0024726.jpg,benignant,Train,pigmented benign keratosis
1124,./Skin cancer ISIC The International Skin Imaging Collaboration/Train/vascular lesion/ISIC_0033844.jpg,benignant,Train,vascular lesion
1125,./Skin cancer ISIC The International Skin Imaging Collaboration/Train/nevus/ISIC_0000460.jpg,benignant,Train,nevus
1126,./Skin cancer ISIC The International Skin Imaging Collaboration/Train/pigmented benign keratosis/ISIC_0026728.jpg,benignant,Train,pigmented benign keratosis
1127,./Skin cancer ISIC The International Skin Imaging Collaboration/Train/melanoma/ISIC_0011040.jpg,malignant,Train,melanoma
1128,./Skin cancer ISIC The International Skin Imaging Collaboration/Train/actinic keratosis/ISIC_0029025.jpg,malignant,Train,actinic keratosis
1129,./Skin cancer ISIC The International Skin Imaging Collaboration/Train/nevus/ISIC_0000556.jpg,benignant,Train,nevus
1130,./Skin cancer ISIC The International Skin Imaging Collaboration/Test/seborrheic keratosis/ISIC_0010808.jpg,benignant,Test,seborrheic keratosis
1131,./Skin cancer ISIC The International Skin Imaging Collaboration/Train/pigmented benign keratosis/ISIC_0025973.jpg,benignant,Train,pigmented benign keratosis
1132,./Skin cancer ISIC The International Skin Imaging Collaboration/Train/pigmented benign keratosis/ISIC_0028336.jpg,benignant,Train,pigmented benign keratosis
1133,./Skin cancer ISIC The International Skin Imaging Collaboration/Train/nevus/ISIC_0000333.jpg,benignant,Train,nevus
1134,./Skin cancer ISIC The International Skin Imaging Collaboration/Train/nevus/ISIC_0000381.jpg,benignant,Train,nevus
1135,./Skin cancer ISIC The International Skin Imaging Collaboration/Train/melanoma/ISIC_0000163.jpg,malignant,Train,melanoma
1136,./Skin cancer ISIC The International Skin Imaging Collaboration/Train/melanoma/ISIC_0010278.jpg,malignant,Train,melanoma
1137,./Skin cancer ISIC The International Skin Imaging Collaboration/Train/vascular lesion/ISIC_0032240.jpg,benignant,Train,vascular lesion
1138,./Skin cancer ISIC The International Skin Imaging Collaboration/Train/vascular lesion/ISIC_0026068.jpg,benignant,Train,vascular lesion
1139,./Skin cancer ISIC The International Skin Imaging Collaboration/Train/pigmented benign keratosis/ISIC_0024709.jpg,benignant,Train,pigmented benign keratosis
1140,./Skin cancer ISIC The International Skin Imaging Collaboration/Test/squamous cell carcinoma/ISIC_0024517.jpg,malignant,Test,squamous cell carcinoma
1141,./Skin cancer ISIC The International Skin Imaging Collaboration/Train/pigmented benign keratosis/ISIC_0026775.jpg,benignant,Train,pigmented benign keratosis
1142,./Skin cancer ISIC The International Skin Imaging Collaboration/Train/melanoma/ISIC_0010119.jpg,malignant,Train,melanoma
1143,./Skin cancer ISIC The International Skin Imaging Collaboration/Train/seborrheic keratosis/ISIC_0010863.jpg,benignant,Train,seborrheic keratosis
1144,./Skin cancer ISIC The International Skin Imaging Collaboration/Train/actinic keratosis/ISIC_0032206.jpg,malignant,Train,actinic keratosis
1145,./Skin cancer ISIC The International Skin Imaging Collaboration/Train/pigmented benign keratosis/ISIC_0027335.jpg,benignant,Train,pigmented benign keratosis
1146,./Skin cancer ISIC The International Skin Imaging Collaboration/Train/squamous cell carcinoma/ISIC_0031918.jpg,malignant,Train,squamous cell carcinoma
1147,./Skin cancer ISIC The International Skin Imaging Collaboration/Train/basal cell carcinoma/ISIC_0030181.jpg,malignant,Train,basal cell carcinoma
1148,./Skin cancer ISIC The International Skin Imaging Collaboration/Train/nevus/ISIC_0000499.jpg,benignant,Train,nevus
1149,./Skin cancer ISIC The International Skin Imaging Collaboration/Train/basal cell carcinoma/ISIC_0026687.jpg,malignant,Train,basal cell carcinoma
1150,./Skin cancer ISIC The International Skin Imaging Collaboration/Train/pigmented benign keratosis/ISIC_0025519.jpg,benignant,Train,pigmented benign keratosis
1151,./Skin cancer ISIC The International Skin Imaging Collaboration/Train/melanoma/ISIC_0001103.jpg,malignant,Train,melanoma
1152,./Skin cancer ISIC The International Skin Imaging Collaboration/Train/melanoma/ISIC_0010741.jpg,malignant,Train,melanoma
1153,./Skin cancer ISIC The International Skin Imaging Collaboration/Train/pigmented benign keratosis/ISIC_0024635.jpg,benignant,Train,pigmented benign keratosis
1154,./Skin cancer ISIC The International Skin Imaging Collaboration/Train/melanoma/ISIC_0000139.jpg,malignant,Train,melanoma
1155,./Skin cancer ISIC The International Skin Imaging Collaboration/Train/pigmented benign keratosis/ISIC_0027023.jpg,benignant,Train,pigmented benign keratosis
1156,./Skin cancer ISIC The International Skin Imaging Collaboration/Train/melanoma/ISIC_0010749.jpg,malignant,Train,melanoma
1157,./Skin cancer ISIC The International Skin Imaging Collaboration/Train/pigmented benign keratosis/ISIC_0026016.jpg,benignant,Train,pigmented benign keratosis
1158,./Skin cancer ISIC The International Skin Imaging Collaboration/Train/squamous cell carcinoma/ISIC_0028763.jpg,malignant,Train,squamous cell carcinoma
1159,./Skin cancer ISIC The International Skin Imaging Collaboration/Train/nevus/ISIC_0000527.jpg,benignant,Train,nevus
1160,./Skin cancer ISIC The International Skin Imaging Collaboration/Train/pigmented benign keratosis/ISIC_0026843.jpg,benignant,Train,pigmented benign keratosis
1161,./Skin cancer ISIC The International Skin Imaging Collaboration/Train/pigmented benign keratosis/ISIC_0027973.jpg,benignant,Train,pigmented benign keratosis
1162,./Skin cancer ISIC The International Skin Imaging Collaboration/Test/melanoma/ISIC_0000004.jpg,malignant,Test,melanoma
1163,./Skin cancer ISIC The International Skin Imaging Collaboration/Train/melanoma/ISIC_0000522.jpg,malignant,Train,melanoma
1164,./Skin cancer ISIC The International Skin Imaging Collaboration/Train/nevus/ISIC_0000380.jpg,benignant,Train,nevus
1165,./Skin cancer ISIC The International Skin Imaging Collaboration/Train/basal cell carcinoma/ISIC_0029747.jpg,malignant,Train,basal cell carcinoma
1166,./Skin cancer ISIC The International Skin Imaging Collaboration/Train/nevus/ISIC_0028619.jpg,benignant,Train,nevus
1167,./Skin cancer ISIC The International Skin Imaging Collaboration/Train/nevus/ISIC_0024468.jpg,benignant,Train,nevus
1168,./Skin cancer ISIC The International Skin Imaging Collaboration/Train/vascular lesion/ISIC_0033135.jpg,benignant,Train,vascular lesion
1169,./Skin cancer ISIC The International Skin Imaging Collaboration/Train/nevus/ISIC_0025605.jpg,benignant,Train,nevus
1170,./Skin cancer ISIC The International Skin Imaging Collaboration/Train/basal cell carcinoma/ISIC_0030511.jpg,malignant,Train,basal cell carcinoma
1171,./Skin cancer ISIC The International Skin Imaging Collaboration/Train/pigmented benign keratosis/ISIC_0024705.jpg,benignant,Train,pigmented benign keratosis
1172,./Skin cancer ISIC The International Skin Imaging Collaboration/Train/actinic keratosis/ISIC_0029500.jpg,malignant,Train,actinic keratosis
1173,./Skin cancer ISIC The International Skin Imaging Collaboration/Train/squamous cell carcinoma/ISIC_0026362.jpg,malignant,Train,squamous cell carcinoma
1174,./Skin cancer ISIC The International Skin Imaging Collaboration/Train/pigmented benign keratosis/ISIC_0025982.jpg,benignant,Train,pigmented benign keratosis
1175,./Skin cancer ISIC The International Skin Imaging Collaboration/Test/actinic keratosis/ISIC_0024913.jpg,malignant,Test,actinic keratosis
1176,./Skin cancer ISIC The International Skin Imaging Collaboration/Train/melanoma/ISIC_0010993.jpg,malignant,Train,melanoma
1177,./Skin cancer ISIC The International Skin Imaging Collaboration/Train/melanoma/ISIC_0009897.jpg,malignant,Train,melanoma
1178,./Skin cancer ISIC The International Skin Imaging Collaboration/Test/nevus/ISIC_0000008.jpg,benignant,Test,nevus
1179,./Skin cancer ISIC The International Skin Imaging Collaboration/Train/vascular lesion/ISIC_0025612.jpg,benignant,Train,vascular lesion
1180,./Skin cancer ISIC The International Skin Imaging Collaboration/Train/nevus/ISIC_0000233.jpg,benignant,Train,nevus
1181,./Skin cancer ISIC The International Skin Imaging Collaboration/Train/nevus/ISIC_0026212.jpg,benignant,Train,nevus
1182,./Skin cancer ISIC The International Skin Imaging Collaboration/Train/pigmented benign keratosis/ISIC_0028209.jpg,benignant,Train,pigmented benign keratosis
1183,./Skin cancer ISIC The International Skin Imaging Collaboration/Train/pigmented benign keratosis/ISIC_0025753.jpg,benignant,Train,pigmented benign keratosis
1184,./Skin cancer ISIC The International Skin Imaging Collaboration/Train/melanoma/ISIC_0000302.jpg,malignant,Train,melanoma
1185,./Skin cancer ISIC The International Skin Imaging Collaboration/Train/actinic keratosis/ISIC_0032404.jpg,malignant,Train,actinic keratosis
1186,./Skin cancer ISIC The International Skin Imaging Collaboration/Train/dermatofibroma/ISIC_0025223.jpg,benignant,Train,dermatofibroma
1187,./Skin cancer ISIC The International Skin Imaging Collaboration/Train/melanoma/ISIC_0010210.jpg,malignant,Train,melanoma
1188,./Skin cancer ISIC The International Skin Imaging Collaboration/Train/squamous cell carcinoma/ISIC_0027753.jpg,malignant,Train,squamous cell carcinoma
1189,./Skin cancer ISIC The International Skin Imaging Collaboration/Test/squamous cell carcinoma/ISIC_0024329.jpg,malignant,Test,squamous cell carcinoma
1190,./Skin cancer ISIC The International Skin Imaging Collaboration/Train/nevus/ISIC_0000540.jpg,benignant,Train,nevus
1191,./Skin cancer ISIC The International Skin Imaging Collaboration/Train/pigmented benign keratosis/ISIC_0027162.jpg,benignant,Train,pigmented benign keratosis
1192,./Skin cancer ISIC The International Skin Imaging Collaboration/Train/nevus/ISIC_0000315.jpg,benignant,Train,nevus
1193,./Skin cancer ISIC The International Skin Imaging Collaboration/Train/nevus/ISIC_0028393.jpg,benignant,Train,nevus
1194,./Skin cancer ISIC The International Skin Imaging Collaboration/Train/melanoma/ISIC_0010225.jpg,malignant,Train,melanoma
1195,./Skin cancer ISIC The International Skin Imaging Collaboration/Train/pigmented benign keratosis/ISIC_0026135.jpg,benignant,Train,pigmented benign keratosis
1196,./Skin cancer ISIC The International Skin Imaging Collaboration/Train/basal cell carcinoma/ISIC_0026337.jpg,malignant,Train,basal cell carcinoma
1197,./Skin cancer ISIC The International Skin Imaging Collaboration/Train/nevus/ISIC_0000019.jpg,benignant,Train,nevus
1198,./Skin cancer ISIC The International Skin Imaging Collaboration/Train/pigmented benign keratosis/ISIC_0026526.jpg,benignant,Train,pigmented benign keratosis
1199,./Skin cancer ISIC The International Skin Imaging Collaboration/Train/nevus/ISIC_0000530.jpg,benignant,Train,nevus
1200,./Skin cancer ISIC The International Skin Imaging Collaboration/Test/basal cell carcinoma/ISIC_0024452.jpg,malignant,Test,basal cell carcinoma
1201,./Skin cancer ISIC The International Skin Imaging Collaboration/Train/melanoma/ISIC_0010355.jpg,malignant,Train,melanoma
1202,./Skin cancer ISIC The International Skin Imaging Collaboration/Train/melanoma/ISIC_0010534.jpg,malignant,Train,melanoma
1203,./Skin cancer ISIC The International Skin Imaging Collaboration/Train/melanoma/ISIC_0010790.jpg,malignant,Train,melanoma
1204,./Skin cancer ISIC The International Skin Imaging Collaboration/Train/vascular lesion/ISIC_0025873.jpg,benignant,Train,vascular lesion
1205,./Skin cancer ISIC The International Skin Imaging Collaboration/Train/dermatofibroma/ISIC_0029824.jpg,benignant,Train,dermatofibroma
1206,./Skin cancer ISIC The International Skin Imaging Collaboration/Test/nevus/ISIC_0000007.jpg,benignant,Test,nevus
1207,./Skin cancer ISIC The International Skin Imaging Collaboration/Train/basal cell carcinoma/ISIC_0027920.jpg,malignant,Train,basal cell carcinoma
1208,./Skin cancer ISIC The International Skin Imaging Collaboration/Train/nevus/ISIC_0000086.jpg,benignant,Train,nevus
1209,./Skin cancer ISIC The International Skin Imaging Collaboration/Train/actinic keratosis/ISIC_0033866.jpg,malignant,Train,actinic keratosis
1210,./Skin cancer ISIC The International Skin Imaging Collaboration/Train/squamous cell carcinoma/ISIC_0026327.jpg,malignant,Train,squamous cell carcinoma
1211,./Skin cancer ISIC The International Skin Imaging Collaboration/Train/pigmented benign keratosis/ISIC_0025484.jpg,benignant,Train,pigmented benign keratosis
1212,./Skin cancer ISIC The International Skin Imaging Collaboration/Train/actinic keratosis/ISIC_0028076.jpg,malignant,Train,actinic keratosis
1213,./Skin cancer ISIC The International Skin Imaging Collaboration/Train/pigmented benign keratosis/ISIC_0025136.jpg,benignant,Train,pigmented benign keratosis
1214,./Skin cancer ISIC The International Skin Imaging Collaboration/Train/nevus/ISIC_0000529.jpg,benignant,Train,nevus
1215,./Skin cancer ISIC The International Skin Imaging Collaboration/Train/nevus/ISIC_0000239.jpg,benignant,Train,nevus
1216,./Skin cancer ISIC The International Skin Imaging Collaboration/Test/pigmented benign keratosis/ISIC_0024336.jpg,benignant,Test,pigmented benign keratosis
1217,./Skin cancer ISIC The International Skin Imaging Collaboration/Train/melanoma/ISIC_0000175.jpg,malignant,Train,melanoma
1218,./Skin cancer ISIC The International Skin Imaging Collaboration/Test/dermatofibroma/ISIC_0024396.jpg,benignant,Test,dermatofibroma
1219,./Skin cancer ISIC The International Skin Imaging Collaboration/Train/pigmented benign keratosis/ISIC_0026042.jpg,benignant,Train,pigmented benign keratosis
1220,./Skin cancer ISIC The International Skin Imaging Collaboration/Train/basal cell carcinoma/ISIC_0030452.jpg,malignant,Train,basal cell carcinoma
1221,./Skin cancer ISIC The International Skin Imaging Collaboration/Train/melanoma/ISIC_0000450.jpg,malignant,Train,melanoma
1222,./Skin cancer ISIC The International Skin Imaging Collaboration/Train/squamous cell carcinoma/ISIC_0030549.jpg,malignant,Train,squamous cell carcinoma
1223,./Skin cancer ISIC The International Skin Imaging Collaboration/Train/squamous cell carcinoma/ISIC_0029582.jpg,malignant,Train,squamous cell carcinoma
1224,./Skin cancer ISIC The International Skin Imaging Collaboration/Train/nevus/ISIC_0000250.jpg,benignant,Train,nevus
1225,./Skin cancer ISIC The International Skin Imaging Collaboration/Train/basal cell carcinoma/ISIC_0030514.jpg,malignant,Train,basal cell carcinoma
1226,./Skin cancer ISIC The International Skin Imaging Collaboration/Train/nevus/ISIC_0029133.jpg,benignant,Train,nevus
1227,./Skin cancer ISIC The International Skin Imaging Collaboration/Train/squamous cell carcinoma/ISIC_0032897.jpg,malignant,Train,squamous cell carcinoma
1228,./Skin cancer ISIC The International Skin Imaging Collaboration/Train/melanoma/ISIC_0000154.jpg,malignant,Train,melanoma
1229,./Skin cancer ISIC The International Skin Imaging Collaboration/Train/melanoma/ISIC_0000142.jpg,malignant,Train,melanoma
1230,./Skin cancer ISIC The International Skin Imaging Collaboration/Train/melanoma/ISIC_0010548.jpg,malignant,Train,melanoma
1231,./Skin cancer ISIC The International Skin Imaging Collaboration/Train/melanoma/ISIC_0010611.jpg,malignant,Train,melanoma
1232,./Skin cancer ISIC The International Skin Imaging Collaboration/Train/pigmented benign keratosis/ISIC_0027875.jpg,benignant,Train,pigmented benign keratosis
1233,./Skin cancer ISIC The International Skin Imaging Collaboration/Train/melanoma/ISIC_0000445.jpg,malignant,Train,melanoma
1234,./Skin cancer ISIC The International Skin Imaging Collaboration/Train/nevus/ISIC_0000024.jpg,benignant,Train,nevus
1235,./Skin cancer ISIC The International Skin Imaging Collaboration/Train/pigmented benign keratosis/ISIC_0027509.jpg,benignant,Train,pigmented benign keratosis
1236,./Skin cancer ISIC The International Skin Imaging Collaboration/Train/basal cell carcinoma/ISIC_0031041.jpg,malignant,Train,basal cell carcinoma
1237,./Skin cancer ISIC The International Skin Imaging Collaboration/Train/nevus/ISIC_0027172.jpg,benignant,Train,nevus
1238,./Skin cancer ISIC The International Skin Imaging Collaboration/Train/melanoma/ISIC_0010485.jpg,malignant,Train,melanoma
1239,./Skin cancer ISIC The International Skin Imaging Collaboration/Train/basal cell carcinoma/ISIC_0026574.jpg,malignant,Train,basal cell carcinoma
1240,./Skin cancer ISIC The International Skin Imaging Collaboration/Train/basal cell carcinoma/ISIC_0027046.jpg,malignant,Train,basal cell carcinoma
1241,./Skin cancer ISIC The International Skin Imaging Collaboration/Train/pigmented benign keratosis/ISIC_0024825.jpg,benignant,Train,pigmented benign keratosis
1242,./Skin cancer ISIC The International Skin Imaging Collaboration/Train/squamous cell carcinoma/ISIC_0032371.jpg,malignant,Train,squamous cell carcinoma
1243,./Skin cancer ISIC The International Skin Imaging Collaboration/Train/nevus/ISIC_0026765.jpg,benignant,Train,nevus
1244,./Skin cancer ISIC The International Skin Imaging Collaboration/Train/melanoma/ISIC_0010164.jpg,malignant,Train,melanoma
1245,./Skin cancer ISIC The International Skin Imaging Collaboration/Train/nevus/ISIC_0000545.jpg,benignant,Train,nevus
1246,./Skin cancer ISIC The International Skin Imaging Collaboration/Train/basal cell carcinoma/ISIC_0028937.jpg,malignant,Train,basal cell carcinoma
1247,./Skin cancer ISIC The International Skin Imaging Collaboration/Train/nevus/ISIC_0010512.jpg,benignant,Train,nevus
1248,./Skin cancer ISIC The International Skin Imaging Collaboration/Train/actinic keratosis/ISIC_0027802.jpg,malignant,Train,actinic keratosis
1249,./Skin cancer ISIC The International Skin Imaging Collaboration/Train/pigmented benign keratosis/ISIC_0025297.jpg,benignant,Train,pigmented benign keratosis
1250,./Skin cancer ISIC The International Skin Imaging Collaboration/Train/seborrheic keratosis/ISIC_0011137.jpg,benignant,Train,seborrheic keratosis
1251,./Skin cancer ISIC The International Skin Imaging Collaboration/Train/pigmented benign keratosis/ISIC_0026737.jpg,benignant,Train,pigmented benign keratosis
1252,./Skin cancer ISIC The International Skin Imaging Collaboration/Train/basal cell carcinoma/ISIC_0030813.jpg,malignant,Train,basal cell carcinoma
1253,./Skin cancer ISIC The International Skin Imaging Collaboration/Train/basal cell carcinoma/ISIC_0026442.jpg,malignant,Train,basal cell carcinoma
1254,./Skin cancer ISIC The International Skin Imaging Collaboration/Train/melanoma/ISIC_0010765.jpg,malignant,Train,melanoma
1255,./Skin cancer ISIC The International Skin Imaging Collaboration/Train/basal cell carcinoma/ISIC_0030096.jpg,malignant,Train,basal cell carcinoma
1256,./Skin cancer ISIC The International Skin Imaging Collaboration/Test/melanoma/ISIC_0000022.jpg,malignant,Test,melanoma
1257,./Skin cancer ISIC The International Skin Imaging Collaboration/Train/basal cell carcinoma/ISIC_0029278.jpg,malignant,Train,basal cell carcinoma
1258,./Skin cancer ISIC The International Skin Imaging Collaboration/Train/melanoma/ISIC_0010175.jpg,malignant,Train,melanoma
1259,./Skin cancer ISIC The International Skin Imaging Collaboration/Train/pigmented benign keratosis/ISIC_0027859.jpg,benignant,Train,pigmented benign keratosis
1260,./Skin cancer ISIC The International Skin Imaging Collaboration/Train/pigmented benign keratosis/ISIC_0028389.jpg,benignant,Train,pigmented benign keratosis
1261,./Skin cancer ISIC The International Skin Imaging Collaboration/Test/pigmented benign keratosis/ISIC_0024426.jpg,benignant,Test,pigmented benign keratosis
1262,./Skin cancer ISIC The International Skin Imaging Collaboration/Train/dermatofibroma/ISIC_0027745.jpg,benignant,Train,dermatofibroma
1263,./Skin cancer ISIC The International Skin Imaging Collaboration/Train/pigmented benign keratosis/ISIC_0027916.jpg,benignant,Train,pigmented benign keratosis
1264,./Skin cancer ISIC The International Skin Imaging Collaboration/Train/basal cell carcinoma/ISIC_0029545.jpg,malignant,Train,basal cell carcinoma
1265,./Skin cancer ISIC The International Skin Imaging Collaboration/Train/basal cell carcinoma/ISIC_0026940.jpg,malignant,Train,basal cell carcinoma
1266,./Skin cancer ISIC The International Skin Imaging Collaboration/Train/basal cell carcinoma/ISIC_0028486.jpg,malignant,Train,basal cell carcinoma
1267,./Skin cancer ISIC The International Skin Imaging Collaboration/Train/nevus/ISIC_0000422.jpg,benignant,Train,nevus
1268,./Skin cancer ISIC The International Skin Imaging Collaboration/Train/melanoma/ISIC_0010564.jpg,malignant,Train,melanoma
1269,./Skin cancer ISIC The International Skin Imaging Collaboration/Test/actinic keratosis/ISIC_0010889.jpg,malignant,Test,actinic keratosis
1270,./Skin cancer ISIC The International Skin Imaging Collaboration/Train/squamous cell carcinoma/ISIC_0030341.jpg,malignant,Train,squamous cell carcinoma
1271,./Skin cancer ISIC The International Skin Imaging Collaboration/Train/melanoma/ISIC_0000552.jpg,malignant,Train,melanoma
1272,./Skin cancer ISIC The International Skin Imaging Collaboration/Train/actinic keratosis/ISIC_0026525.jpg,malignant,Train,actinic keratosis
1273,./Skin cancer ISIC The International Skin Imaging Collaboration/Train/squamous cell carcinoma/ISIC_0030953.jpg,malignant,Train,squamous cell carcinoma
1274,./Skin cancer ISIC The International Skin Imaging Collaboration/Train/pigmented benign keratosis/ISIC_0025083.jpg,benignant,Train,pigmented benign keratosis
1275,./Skin cancer ISIC The International Skin Imaging Collaboration/Train/melanoma/ISIC_0000311.jpg,malignant,Train,melanoma
1276,./Skin cancer ISIC The International Skin Imaging Collaboration/Train/pigmented benign keratosis/ISIC_0024602.jpg,benignant,Train,pigmented benign keratosis
1277,./Skin cancer ISIC The International Skin Imaging Collaboration/Train/melanoma/ISIC_0010876.jpg,malignant,Train,melanoma
1278,./Skin cancer ISIC The International Skin Imaging Collaboration/Train/basal cell carcinoma/ISIC_0030755.jpg,malignant,Train,basal cell carcinoma
1279,./Skin cancer ISIC The International Skin Imaging Collaboration/Train/pigmented benign keratosis/ISIC_0026443.jpg,benignant,Train,pigmented benign keratosis
1280,./Skin cancer ISIC The International Skin Imaging Collaboration/Train/basal cell carcinoma/ISIC_0030915.jpg,malignant,Train,basal cell carcinoma
1281,./Skin cancer ISIC The International Skin Imaging Collaboration/Train/pigmented benign keratosis/ISIC_0026018.jpg,benignant,Train,pigmented benign keratosis
1282,./Skin cancer ISIC The International Skin Imaging Collaboration/Train/melanoma/ISIC_0000511.jpg,malignant,Train,melanoma
1283,./Skin cancer ISIC The International Skin Imaging Collaboration/Train/nevus/ISIC_0000536.jpg,benignant,Train,nevus
1284,./Skin cancer ISIC The International Skin Imaging Collaboration/Train/dermatofibroma/ISIC_0033675.jpg,benignant,Train,dermatofibroma
1285,./Skin cancer ISIC The International Skin Imaging Collaboration/Train/basal cell carcinoma/ISIC_0029974.jpg,malignant,Train,basal cell carcinoma
1286,./Skin cancer ISIC The International Skin Imaging Collaboration/Train/vascular lesion/ISIC_0031197.jpg,benignant,Train,vascular lesion
1287,./Skin cancer ISIC The International Skin Imaging Collaboration/Train/pigmented benign keratosis/ISIC_0025337.jpg,benignant,Train,pigmented benign keratosis
1288,./Skin cancer ISIC The International Skin Imaging Collaboration/Train/pigmented benign keratosis/ISIC_0025419.jpg,benignant,Train,pigmented benign keratosis
1289,./Skin cancer ISIC The International Skin Imaging Collaboration/Train/pigmented benign keratosis/ISIC_0027735.jpg,benignant,Train,pigmented benign keratosis
1290,./Skin cancer ISIC The International Skin Imaging Collaboration/Test/basal cell carcinoma/ISIC_0024432.jpg,malignant,Test,basal cell carcinoma
1291,./Skin cancer ISIC The International Skin Imaging Collaboration/Train/basal cell carcinoma/ISIC_0030766.jpg,malignant,Train,basal cell carcinoma
1292,./Skin cancer ISIC The International Skin Imaging Collaboration/Train/vascular lesion/ISIC_0029608.jpg,benignant,Train,vascular lesion
1293,./Skin cancer ISIC The International Skin Imaging Collaboration/Train/basal cell carcinoma/ISIC_0030893.jpg,malignant,Train,basal cell carcinoma
1294,./Skin cancer ISIC The International Skin Imaging Collaboration/Train/pigmented benign keratosis/ISIC_0027905.jpg,benignant,Train,pigmented benign keratosis
1295,./Skin cancer ISIC The International Skin Imaging Collaboration/Train/nevus/ISIC_0000037.jpg,benignant,Train,nevus
1296,./Skin cancer ISIC The International Skin Imaging Collaboration/Train/nevus/ISIC_0000486.jpg,benignant,Train,nevus
1297,./Skin cancer ISIC The International Skin Imaging Collaboration/Train/pigmented benign keratosis/ISIC_0028264.jpg,benignant,Train,pigmented benign keratosis
1298,./Skin cancer ISIC The International Skin Imaging Collaboration/Train/basal cell carcinoma/ISIC_0031526.jpg,malignant,Train,basal cell carcinoma
1299,./Skin cancer ISIC The International Skin Imaging Collaboration/Train/dermatofibroma/ISIC_0025668.jpg,benignant,Train,dermatofibroma
1300,./Skin cancer ISIC The International Skin Imaging Collaboration/Train/basal cell carcinoma/ISIC_0025530.jpg,malignant,Train,basal cell carcinoma
1301,./Skin cancer ISIC The International Skin Imaging Collaboration/Train/basal cell carcinoma/ISIC_0030964.jpg,malignant,Train,basal cell carcinoma
1302,./Skin cancer ISIC The International Skin Imaging Collaboration/Train/nevus/ISIC_0000426.jpg,benignant,Train,nevus
1303,./Skin cancer ISIC The International Skin Imaging Collaboration/Train/vascular lesion/ISIC_0028885.jpg,benignant,Train,vascular lesion
1304,./Skin cancer ISIC The International Skin Imaging Collaboration/Train/pigmented benign keratosis/ISIC_0025885.jpg,benignant,Train,pigmented benign keratosis
1305,./Skin cancer ISIC The International Skin Imaging Collaboration/Train/actinic keratosis/ISIC_0030036.jpg,malignant,Train,actinic keratosis
1306,./Skin cancer ISIC The International Skin Imaging Collaboration/Train/melanoma/ISIC_0011137.jpg,malignant,Train,melanoma
1307,./Skin cancer ISIC The International Skin Imaging Collaboration/Train/pigmented benign keratosis/ISIC_0025656.jpg,benignant,Train,pigmented benign keratosis
1308,./Skin cancer ISIC The International Skin Imaging Collaboration/Train/nevus/ISIC_0000259.jpg,benignant,Train,nevus
1309,./Skin cancer ISIC The International Skin Imaging Collaboration/Train/melanoma/ISIC_0000518.jpg,malignant,Train,melanoma
1310,./Skin cancer ISIC The International Skin Imaging Collaboration/Train/basal cell carcinoma/ISIC_0030010.jpg,malignant,Train,basal cell carcinoma
1311,./Skin cancer ISIC The International Skin Imaging Collaboration/Train/melanoma/ISIC_0001121.jpg,malignant,Train,melanoma
1312,./Skin cancer ISIC The International Skin Imaging Collaboration/Train/pigmented benign keratosis/ISIC_0027451.jpg,benignant,Train,pigmented benign keratosis
1313,./Skin cancer ISIC The International Skin Imaging Collaboration/Train/seborrheic keratosis/ISIC_0011077.jpg,benignant,Train,seborrheic keratosis
1314,./Skin cancer ISIC The International Skin Imaging Collaboration/Train/basal cell carcinoma/ISIC_0028994.jpg,malignant,Train,basal cell carcinoma
1315,./Skin cancer ISIC The International Skin Imaging Collaboration/Train/pigmented benign keratosis/ISIC_0025180.jpg,benignant,Train,pigmented benign keratosis
1316,./Skin cancer ISIC The International Skin Imaging Collaboration/Test/squamous cell carcinoma/ISIC_0011726.jpg,malignant,Test,squamous cell carcinoma
1317,./Skin cancer ISIC The International Skin Imaging Collaboration/Train/vascular lesion/ISIC_0030275.jpg,benignant,Train,vascular lesion
1318,./Skin cancer ISIC The International Skin Imaging Collaboration/Train/nevus/ISIC_0000331.jpg,benignant,Train,nevus
1319,./Skin cancer ISIC The International Skin Imaging Collaboration/Train/nevus/ISIC_0000448.jpg,benignant,Train,nevus
1320,./Skin cancer ISIC The International Skin Imaging Collaboration/Train/squamous cell carcinoma/ISIC_0026132.jpg,malignant,Train,squamous cell carcinoma
1321,./Skin cancer ISIC The International Skin Imaging Collaboration/Train/melanoma/ISIC_0010898.jpg,malignant,Train,melanoma
1322,./Skin cancer ISIC The International Skin Imaging Collaboration/Train/pigmented benign keratosis/ISIC_0024623.jpg,benignant,Train,pigmented benign keratosis
1323,./Skin cancer ISIC The International Skin Imaging Collaboration/Train/seborrheic keratosis/ISIC_0011128.jpg,benignant,Train,seborrheic keratosis
1324,./Skin cancer ISIC The International Skin Imaging Collaboration/Train/squamous cell carcinoma/ISIC_0030803.jpg,malignant,Train,squamous cell carcinoma
1325,./Skin cancer ISIC The International Skin Imaging Collaboration/Train/vascular lesion/ISIC_0033230.jpg,benignant,Train,vascular lesion
1326,./Skin cancer ISIC The International Skin Imaging Collaboration/Train/melanoma/ISIC_0001112.jpg,malignant,Train,melanoma
1327,./Skin cancer ISIC The International Skin Imaging Collaboration/Train/vascular lesion/ISIC_0031090.jpg,benignant,Train,vascular lesion
1328,./Skin cancer ISIC The International Skin Imaging Collaboration/Train/melanoma/ISIC_0010979.jpg,malignant,Train,melanoma
1329,./Skin cancer ISIC The International Skin Imaging Collaboration/Train/nevus/ISIC_0000365.jpg,benignant,Train,nevus
1330,./Skin cancer ISIC The International Skin Imaging Collaboration/Train/nevus/ISIC_0000494.jpg,benignant,Train,nevus
1331,./Skin cancer ISIC The International Skin Imaging Collaboration/Train/pigmented benign keratosis/ISIC_0028388.jpg,benignant,Train,pigmented benign keratosis
1332,./Skin cancer ISIC The International Skin Imaging Collaboration/Train/pigmented benign keratosis/ISIC_0027747.jpg,benignant,Train,pigmented benign keratosis
1333,./Skin cancer ISIC The International Skin Imaging Collaboration/Test/squamous cell carcinoma/ISIC_0011751.jpg,malignant,Test,squamous cell carcinoma
1334,./Skin cancer ISIC The International Skin Imaging Collaboration/Train/pigmented benign keratosis/ISIC_0028294.jpg,benignant,Train,pigmented benign keratosis
1335,./Skin cancer ISIC The International Skin Imaging Collaboration/Train/nevus/ISIC_0000245.jpg,benignant,Train,nevus
1336,./Skin cancer ISIC The International Skin Imaging Collaboration/Train/squamous cell carcinoma/ISIC_0032014.jpg,malignant,Train,squamous cell carcinoma
1337,./Skin cancer ISIC The International Skin Imaging Collaboration/Train/pigmented benign keratosis/ISIC_0026867.jpg,benignant,Train,pigmented benign keratosis
1338,./Skin cancer ISIC The International Skin Imaging Collaboration/Train/vascular lesion/ISIC_0027790.jpg,benignant,Train,vascular lesion
1339,./Skin cancer ISIC The International Skin Imaging Collaboration/Train/basal cell carcinoma/ISIC_0031266.jpg,malignant,Train,basal cell carcinoma
1340,./Skin cancer ISIC The International Skin Imaging Collaboration/Train/squamous cell carcinoma/ISIC_0030487.jpg,malignant,Train,squamous cell carcinoma
1341,./Skin cancer ISIC The International Skin Imaging Collaboration/Train/pigmented benign keratosis/ISIC_0025830.jpg,benignant,Train,pigmented benign keratosis
1342,./Skin cancer ISIC The International Skin Imaging Collaboration/Train/pigmented benign keratosis/ISIC_0025286.jpg,benignant,Train,pigmented benign keratosis
1343,./Skin cancer ISIC The International Skin Imaging Collaboration/Train/basal cell carcinoma/ISIC_0027057.jpg,malignant,Train,basal cell carcinoma
1344,./Skin cancer ISIC The International Skin Imaging Collaboration/Train/basal cell carcinoma/ISIC_0024582.jpg,malignant,Train,basal cell carcinoma
1345,./Skin cancer ISIC The International Skin Imaging Collaboration/Train/pigmented benign keratosis/ISIC_0027083.jpg,benignant,Train,pigmented benign keratosis
1346,./Skin cancer ISIC The International Skin Imaging Collaboration/Train/squamous cell carcinoma/ISIC_0024710.jpg,malignant,Train,squamous cell carcinoma
1347,./Skin cancer ISIC The International Skin Imaging Collaboration/Train/nevus/ISIC_0000378.jpg,benignant,Train,nevus
1348,./Skin cancer ISIC The International Skin Imaging Collaboration/Train/melanoma/ISIC_0010349.jpg,malignant,Train,melanoma
1349,./Skin cancer ISIC The International Skin Imaging Collaboration/Train/pigmented benign keratosis/ISIC_0027355.jpg,benignant,Train,pigmented benign keratosis
1350,./Skin cancer ISIC The International Skin Imaging Collaboration/Train/nevus/ISIC_0000238.jpg,benignant,Train,nevus
1351,./Skin cancer ISIC The International Skin Imaging Collaboration/Train/vascular lesion/ISIC_0028188.jpg,benignant,Train,vascular lesion
1352,./Skin cancer ISIC The International Skin Imaging Collaboration/Train/pigmented benign keratosis/ISIC_0027037.jpg,benignant,Train,pigmented benign keratosis
1353,./Skin cancer ISIC The International Skin Imaging Collaboration/Train/melanoma/ISIC_0000307.jpg,malignant,Train,melanoma
1354,./Skin cancer ISIC The International Skin Imaging Collaboration/Train/pigmented benign keratosis/ISIC_0026637.jpg,benignant,Train,pigmented benign keratosis
1355,./Skin cancer ISIC The International Skin Imaging Collaboration/Train/seborrheic keratosis/ISIC_0011126.jpg,benignant,Train,seborrheic keratosis
1356,./Skin cancer ISIC The International Skin Imaging Collaboration/Train/squamous cell carcinoma/ISIC_0032173.jpg,malignant,Train,squamous cell carcinoma
1357,./Skin cancer ISIC The International Skin Imaging Collaboration/Train/actinic keratosis/ISIC_0026212.jpg,malignant,Train,actinic keratosis
1358,./Skin cancer ISIC The International Skin Imaging Collaboration/Train/melanoma/ISIC_0000395.jpg,malignant,Train,melanoma
1359,./Skin cancer ISIC The International Skin Imaging Collaboration/Train/melanoma/ISIC_0009989.jpg,malignant,Train,melanoma
1360,./Skin cancer ISIC The International Skin Imaging Collaboration/Train/nevus/ISIC_0000425.jpg,benignant,Train,nevus
1361,./Skin cancer ISIC The International Skin Imaging Collaboration/Train/melanoma/ISIC_0011136.jpg,malignant,Train,melanoma
1362,./Skin cancer ISIC The International Skin Imaging Collaboration/Train/actinic keratosis/ISIC_0033151.jpg,malignant,Train,actinic keratosis
1363,./Skin cancer ISIC The International Skin Imaging Collaboration/Train/actinic keratosis/ISIC_0026626.jpg,malignant,Train,actinic keratosis
1364,./Skin cancer ISIC The International Skin Imaging Collaboration/Train/basal cell carcinoma/ISIC_0027093.jpg,malignant,Train,basal cell carcinoma
1365,./Skin cancer ISIC The International Skin Imaging Collaboration/Train/pigmented benign keratosis/ISIC_0027850.jpg,benignant,Train,pigmented benign keratosis
1366,./Skin cancer ISIC The International Skin Imaging Collaboration/Test/actinic keratosis/ISIC_0025368.jpg,malignant,Test,actinic keratosis
1367,./Skin cancer ISIC The International Skin Imaging Collaboration/Train/pigmented benign keratosis/ISIC_0026085.jpg,benignant,Train,pigmented benign keratosis
1368,./Skin cancer ISIC The International Skin Imaging Collaboration/Train/dermatofibroma/ISIC_0032138.jpg,benignant,Train,dermatofibroma
1369,./Skin cancer ISIC The International Skin Imaging Collaboration/Train/squamous cell carcinoma/ISIC_0030591.jpg,malignant,Train,squamous cell carcinoma
1370,./Skin cancer ISIC The International Skin Imaging Collaboration/Train/melanoma/ISIC_0010476.jpg,malignant,Train,melanoma
1371,./Skin cancer ISIC The International Skin Imaging Collaboration/Train/nevus/ISIC_0024948.jpg,benignant,Train,nevus
1372,./Skin cancer ISIC The International Skin Imaging Collaboration/Train/pigmented benign keratosis/ISIC_0026661.jpg,benignant,Train,pigmented benign keratosis
1373,./Skin cancer ISIC The International Skin Imaging Collaboration/Train/nevus/ISIC_0000079.jpg,benignant,Train,nevus
1374,./Skin cancer ISIC The International Skin Imaging Collaboration/Train/seborrheic keratosis/ISIC_0011166.jpg,benignant,Train,seborrheic keratosis
1375,./Skin cancer ISIC The International Skin Imaging Collaboration/Test/nevus/ISIC_0000017.jpg,benignant,Test,nevus
1376,./Skin cancer ISIC The International Skin Imaging Collaboration/Train/basal cell carcinoma/ISIC_0028050.jpg,malignant,Train,basal cell carcinoma
1377,./Skin cancer ISIC The International Skin Imaging Collaboration/Train/dermatofibroma/ISIC_0033808.jpg,benignant,Train,dermatofibroma
1378,./Skin cancer ISIC The International Skin Imaging Collaboration/Train/nevus/ISIC_0000523.jpg,benignant,Train,nevus
1379,./Skin cancer ISIC The International Skin Imaging Collaboration/Train/squamous cell carcinoma/ISIC_0026100.jpg,malignant,Train,squamous cell carcinoma
1380,./Skin cancer ISIC The International Skin Imaging Collaboration/Train/basal cell carcinoma/ISIC_0028495.jpg,malignant,Train,basal cell carcinoma
1381,./Skin cancer ISIC The International Skin Imaging Collaboration/Train/pigmented benign keratosis/ISIC_0025389.jpg,benignant,Train,pigmented benign keratosis
1382,./Skin cancer ISIC The International Skin Imaging Collaboration/Train/melanoma/ISIC_0011161.jpg,malignant,Train,melanoma
1383,./Skin cancer ISIC The International Skin Imaging Collaboration/Train/melanoma/ISIC_0011178.jpg,malignant,Train,melanoma
1384,./Skin cancer ISIC The International Skin Imaging Collaboration/Train/pigmented benign keratosis/ISIC_0026679.jpg,benignant,Train,pigmented benign keratosis
1385,./Skin cancer ISIC The International Skin Imaging Collaboration/Train/basal cell carcinoma/ISIC_0026453.jpg,malignant,Train,basal cell carcinoma
1386,./Skin cancer ISIC The International Skin Imaging Collaboration/Train/nevus/ISIC_0024771.jpg,benignant,Train,nevus
1387,./Skin cancer ISIC The International Skin Imaging Collaboration/Train/melanoma/ISIC_0011163.jpg,malignant,Train,melanoma
1388,./Skin cancer ISIC The International Skin Imaging Collaboration/Train/vascular lesion/ISIC_0029889.jpg,benignant,Train,vascular lesion
1389,./Skin cancer ISIC The International Skin Imaging Collaboration/Train/seborrheic keratosis/ISIC_0011135.jpg,benignant,Train,seborrheic keratosis
1390,./Skin cancer ISIC The International Skin Imaging Collaboration/Train/melanoma/ISIC_0001134.jpg,malignant,Train,melanoma
1391,./Skin cancer ISIC The International Skin Imaging Collaboration/Train/melanoma/ISIC_0000158.jpg,malignant,Train,melanoma
1392,./Skin cancer ISIC The International Skin Imaging Collaboration/Train/squamous cell carcinoma/ISIC_0025471.jpg,malignant,Train,squamous cell carcinoma
1393,./Skin cancer ISIC The International Skin Imaging Collaboration/Train/seborrheic keratosis/ISIC_0011151.jpg,benignant,Train,seborrheic keratosis
1394,./Skin cancer ISIC The International Skin Imaging Collaboration/Train/seborrheic keratosis/ISIC_0010917.jpg,benignant,Train,seborrheic keratosis
1395,./Skin cancer ISIC The International Skin Imaging Collaboration/Train/nevus/ISIC_0000503.jpg,benignant,Train,nevus
1396,./Skin cancer ISIC The International Skin Imaging Collaboration/Train/melanoma/ISIC_0010690.jpg,malignant,Train,melanoma
1397,./Skin cancer ISIC The International Skin Imaging Collaboration/Train/vascular lesion/ISIC_0027983.jpg,benignant,Train,vascular lesion
1398,./Skin cancer ISIC The International Skin Imaging Collaboration/Train/pigmented benign keratosis/ISIC_0027154.jpg,benignant,Train,pigmented benign keratosis
1399,./Skin cancer ISIC The International Skin Imaging Collaboration/Train/nevus/ISIC_0000539.jpg,benignant,Train,nevus
1400,./Skin cancer ISIC The International Skin Imaging Collaboration/Train/vascular lesion/ISIC_0031346.jpg,benignant,Train,vascular lesion
1401,./Skin cancer ISIC The International Skin Imaging Collaboration/Train/vascular lesion/ISIC_0032545.jpg,benignant,Train,vascular lesion
1402,./Skin cancer ISIC The International Skin Imaging Collaboration/Train/nevus/ISIC_0000409.jpg,benignant,Train,nevus
1403,./Skin cancer ISIC The International Skin Imaging Collaboration/Train/melanoma/ISIC_0010527.jpg,malignant,Train,melanoma
1404,./Skin cancer ISIC The International Skin Imaging Collaboration/Train/pigmented benign keratosis/ISIC_0025099.jpg,benignant,Train,pigmented benign keratosis
1405,./Skin cancer ISIC The International Skin Imaging Collaboration/Train/basal cell carcinoma/ISIC_0027788.jpg,malignant,Train,basal cell carcinoma
1406,./Skin cancer ISIC The International Skin Imaging Collaboration/Train/dermatofibroma/ISIC_0029248.jpg,benignant,Train,dermatofibroma
1407,./Skin cancer ISIC The International Skin Imaging Collaboration/Train/melanoma/ISIC_0000310.jpg,malignant,Train,melanoma
1408,./Skin cancer ISIC The International Skin Imaging Collaboration/Train/pigmented benign keratosis/ISIC_0026794.jpg,benignant,Train,pigmented benign keratosis
1409,./Skin cancer ISIC The International Skin Imaging Collaboration/Train/pigmented benign keratosis/ISIC_0027219.jpg,benignant,Train,pigmented benign keratosis
1410,./Skin cancer ISIC The International Skin Imaging Collaboration/Train/basal cell carcinoma/ISIC_0030737.jpg,malignant,Train,basal cell carcinoma
1411,./Skin cancer ISIC The International Skin Imaging Collaboration/Train/squamous cell carcinoma/ISIC_0032455.jpg,malignant,Train,squamous cell carcinoma
1412,./Skin cancer ISIC The International Skin Imaging Collaboration/Train/nevus/ISIC_0000474.jpg,benignant,Train,nevus
1413,./Skin cancer ISIC The International Skin Imaging Collaboration/Train/squamous cell carcinoma/ISIC_0027577.jpg,malignant,Train,squamous cell carcinoma
1414,./Skin cancer ISIC The International Skin Imaging Collaboration/Train/seborrheic keratosis/ISIC_0011176.jpg,benignant,Train,seborrheic keratosis
1415,./Skin cancer ISIC The International Skin Imaging Collaboration/Train/melanoma/ISIC_0010067.jpg,malignant,Train,melanoma
1416,./Skin cancer ISIC The International Skin Imaging Collaboration/Train/pigmented benign keratosis/ISIC_0026907.jpg,benignant,Train,pigmented benign keratosis
1417,./Skin cancer ISIC The International Skin Imaging Collaboration/Train/basal cell carcinoma/ISIC_0031442.jpg,malignant,Train,basal cell carcinoma
1418,./Skin cancer ISIC The International Skin Imaging Collaboration/Train/basal cell carcinoma/ISIC_0031245.jpg,malignant,Train,basal cell carcinoma
1419,./Skin cancer ISIC The International Skin Imaging Collaboration/Train/basal cell carcinoma/ISIC_0030659.jpg,malignant,Train,basal cell carcinoma
1420,./Skin cancer ISIC The International Skin Imaging Collaboration/Train/seborrheic keratosis/ISIC_0011140.jpg,benignant,Train,seborrheic keratosis
1421,./Skin cancer ISIC The International Skin Imaging Collaboration/Train/dermatofibroma/ISIC_0026789.jpg,benignant,Train,dermatofibroma
1422,./Skin cancer ISIC The International Skin Imaging Collaboration/Train/pigmented benign keratosis/ISIC_0025661.jpg,benignant,Train,pigmented benign keratosis
1423,./Skin cancer ISIC The International Skin Imaging Collaboration/Train/pigmented benign keratosis/ISIC_0026298.jpg,benignant,Train,pigmented benign keratosis
1424,./Skin cancer ISIC The International Skin Imaging Collaboration/Train/nevus/ISIC_0000083.jpg,benignant,Train,nevus
1425,./Skin cancer ISIC The International Skin Imaging Collaboration/Train/basal cell carcinoma/ISIC_0024795.jpg,malignant,Train,basal cell carcinoma
1426,./Skin cancer ISIC The International Skin Imaging Collaboration/Train/squamous cell carcinoma/ISIC_0030991.jpg,malignant,Train,squamous cell carcinoma
1427,./Skin cancer ISIC The International Skin Imaging Collaboration/Train/nevus/ISIC_0027950.jpg,benignant,Train,nevus
1428,./Skin cancer ISIC The International Skin Imaging Collaboration/Train/nevus/ISIC_0000094.jpg,benignant,Train,nevus
1429,./Skin cancer ISIC The International Skin Imaging Collaboration/Train/pigmented benign keratosis/ISIC_0026153.jpg,benignant,Train,pigmented benign keratosis
1430,./Skin cancer ISIC The International Skin Imaging Collaboration/Train/basal cell carcinoma/ISIC_0028542.jpg,malignant,Train,basal cell carcinoma
1431,./Skin cancer ISIC The International Skin Imaging Collaboration/Train/pigmented benign keratosis/ISIC_0026717.jpg,benignant,Train,pigmented benign keratosis
1432,./Skin cancer ISIC The International Skin Imaging Collaboration/Train/melanoma/ISIC_0001124.jpg,malignant,Train,melanoma
1433,./Skin cancer ISIC The International Skin Imaging Collaboration/Test/basal cell carcinoma/ISIC_0024360.jpg,malignant,Test,basal cell carcinoma
1434,./Skin cancer ISIC The International Skin Imaging Collaboration/Train/vascular lesion/ISIC_0033450.jpg,benignant,Train,vascular lesion
1435,./Skin cancer ISIC The International Skin Imaging Collaboration/Test/pigmented benign keratosis/ISIC_0024422.jpg,benignant,Test,pigmented benign keratosis
1436,./Skin cancer ISIC The International Skin Imaging Collaboration/Train/basal cell carcinoma/ISIC_0028106.jpg,malignant,Train,basal cell carcinoma
1437,./Skin cancer ISIC The International Skin Imaging Collaboration/Train/melanoma/ISIC_0000390.jpg,malignant,Train,melanoma
1438,./Skin cancer ISIC The International Skin Imaging Collaboration/Train/seborrheic keratosis/ISIC_0010990.jpg,benignant,Train,seborrheic keratosis
1439,./Skin cancer ISIC The International Skin Imaging Collaboration/Train/nevus/ISIC_0029460.jpg,benignant,Train,nevus
1440,./Skin cancer ISIC The International Skin Imaging Collaboration/Train/actinic keratosis/ISIC_0028820.jpg,malignant,Train,actinic keratosis
1441,./Skin cancer ISIC The International Skin Imaging Collaboration/Train/pigmented benign keratosis/ISIC_0024626.jpg,benignant,Train,pigmented benign keratosis
1442,./Skin cancer ISIC The International Skin Imaging Collaboration/Train/pigmented benign keratosis/ISIC_0024581.jpg,benignant,Train,pigmented benign keratosis
1443,./Skin cancer ISIC The International Skin Imaging Collaboration/Train/pigmented benign keratosis/ISIC_0028094.jpg,benignant,Train,pigmented benign keratosis
1444,./Skin cancer ISIC The International Skin Imaging Collaboration/Train/vascular lesion/ISIC_0029099.jpg,benignant,Train,vascular lesion
1445,./Skin cancer ISIC The International Skin Imaging Collaboration/Train/actinic keratosis/ISIC_0029659.jpg,malignant,Train,actinic keratosis
1446,./Skin cancer ISIC The International Skin Imaging Collaboration/Train/pigmented benign keratosis/ISIC_0025939.jpg,benignant,Train,pigmented benign keratosis
1447,./Skin cancer ISIC The International Skin Imaging Collaboration/Train/pigmented benign keratosis/ISIC_0026576.jpg,benignant,Train,pigmented benign keratosis
1448,./Skin cancer ISIC The International Skin Imaging Collaboration/Train/nevus/ISIC_0000097.jpg,benignant,Train,nevus
1449,./Skin cancer ISIC The International Skin Imaging Collaboration/Train/nevus/ISIC_0000258.jpg,benignant,Train,nevus
1450,./Skin cancer ISIC The International Skin Imaging Collaboration/Train/pigmented benign keratosis/ISIC_0027826.jpg,benignant,Train,pigmented benign keratosis
1451,./Skin cancer ISIC The International Skin Imaging Collaboration/Train/melanoma/ISIC_0010630.jpg,malignant,Train,melanoma
1452,./Skin cancer ISIC The International Skin Imaging Collaboration/Train/melanoma/ISIC_0010551.jpg,malignant,Train,melanoma
1453,./Skin cancer ISIC The International Skin Imaging Collaboration/Train/dermatofibroma/ISIC_0032468.jpg,benignant,Train,dermatofibroma
1454,./Skin cancer ISIC The International Skin Imaging Collaboration/Train/actinic keratosis/ISIC_0027172.jpg,malignant,Train,actinic keratosis
1455,./Skin cancer ISIC The International Skin Imaging Collaboration/Train/basal cell carcinoma/ISIC_0027175.jpg,malignant,Train,basal cell carcinoma
1456,./Skin cancer ISIC The International Skin Imaging Collaboration/Train/squamous cell carcinoma/ISIC_0029541.jpg,malignant,Train,squamous cell carcinoma
1457,./Skin cancer ISIC The International Skin Imaging Collaboration/Train/basal cell carcinoma/ISIC_0026902.jpg,malignant,Train,basal cell carcinoma
1458,./Skin cancer ISIC The International Skin Imaging Collaboration/Train/melanoma/ISIC_0010608.jpg,malignant,Train,melanoma
1459,./Skin cancer ISIC The International Skin Imaging Collaboration/Train/vascular lesion/ISIC_0027856.jpg,benignant,Train,vascular lesion
1460,./Skin cancer ISIC The International Skin Imaging Collaboration/Train/melanoma/ISIC_0000144.jpg,malignant,Train,melanoma
1461,./Skin cancer ISIC The International Skin Imaging Collaboration/Train/melanoma/ISIC_0010965.jpg,malignant,Train,melanoma
1462,./Skin cancer ISIC The International Skin Imaging Collaboration/Train/melanoma/ISIC_0010792.jpg,malignant,Train,melanoma
1463,./Skin cancer ISIC The International Skin Imaging Collaboration/Train/basal cell carcinoma/ISIC_0030339.jpg,malignant,Train,basal cell carcinoma
1464,./Skin cancer ISIC The International Skin Imaging Collaboration/Test/vascular lesion/ISIC_0024402.jpg,benignant,Test,vascular lesion
1465,./Skin cancer ISIC The International Skin Imaging Collaboration/Test/vascular lesion/ISIC_0024375.jpg,benignant,Test,vascular lesion
1466,./Skin cancer ISIC The International Skin Imaging Collaboration/Test/basal cell carcinoma/ISIC_0024454.jpg,malignant,Test,basal cell carcinoma
1467,./Skin cancer ISIC The International Skin Imaging Collaboration/Train/basal cell carcinoma/ISIC_0025630.jpg,malignant,Train,basal cell carcinoma
1468,./Skin cancer ISIC The International Skin Imaging Collaboration/Train/basal cell carcinoma/ISIC_0031154.jpg,malignant,Train,basal cell carcinoma
1469,./Skin cancer ISIC The International Skin Imaging Collaboration/Train/pigmented benign keratosis/ISIC_0025376.jpg,benignant,Train,pigmented benign keratosis
1470,./Skin cancer ISIC The International Skin Imaging Collaboration/Train/pigmented benign keratosis/ISIC_0025366.jpg,benignant,Train,pigmented benign keratosis
1471,./Skin cancer ISIC The International Skin Imaging Collaboration/Train/basal cell carcinoma/ISIC_0025433.jpg,malignant,Train,basal cell carcinoma
1472,./Skin cancer ISIC The International Skin Imaging Collaboration/Train/melanoma/ISIC_0000160.jpg,malignant,Train,melanoma
1473,./Skin cancer ISIC The International Skin Imaging Collaboration/Train/melanoma/ISIC_0010402.jpg,malignant,Train,melanoma
1474,./Skin cancer ISIC The International Skin Imaging Collaboration/Train/seborrheic keratosis/ISIC_0011007.jpg,benignant,Train,seborrheic keratosis
1475,./Skin cancer ISIC The International Skin Imaging Collaboration/Train/nevus/ISIC_0000080.jpg,benignant,Train,nevus
1476,./Skin cancer ISIC The International Skin Imaging Collaboration/Train/pigmented benign keratosis/ISIC_0028473.jpg,benignant,Train,pigmented benign keratosis
1477,./Skin cancer ISIC The International Skin Imaging Collaboration/Train/pigmented benign keratosis/ISIC_0025063.jpg,benignant,Train,pigmented benign keratosis
1478,./Skin cancer ISIC The International Skin Imaging Collaboration/Train/nevus/ISIC_0028990.jpg,benignant,Train,nevus
1479,./Skin cancer ISIC The International Skin Imaging Collaboration/Train/dermatofibroma/ISIC_0031257.jpg,benignant,Train,dermatofibroma
1480,./Skin cancer ISIC The International Skin Imaging Collaboration/Train/nevus/ISIC_0000374.jpg,benignant,Train,nevus
1481,./Skin cancer ISIC The International Skin Imaging Collaboration/Train/pigmented benign keratosis/ISIC_0026262.jpg,benignant,Train,pigmented benign keratosis
1482,./Skin cancer ISIC The International Skin Imaging Collaboration/Train/basal cell carcinoma/ISIC_0029489.jpg,malignant,Train,basal cell carcinoma
1483,./Skin cancer ISIC The International Skin Imaging Collaboration/Train/nevus/ISIC_0000430.jpg,benignant,Train,nevus
1484,./Skin cancer ISIC The International Skin Imaging Collaboration/Train/pigmented benign keratosis/ISIC_0028490.jpg,benignant,Train,pigmented benign keratosis
1485,./Skin cancer ISIC The International Skin Imaging Collaboration/Train/basal cell carcinoma/ISIC_0025102.jpg,malignant,Train,basal cell carcinoma
1486,./Skin cancer ISIC The International Skin Imaging Collaboration/Train/nevus/ISIC_0027802.jpg,benignant,Train,nevus
1487,./Skin cancer ISIC The International Skin Imaging Collaboration/Train/basal cell carcinoma/ISIC_0028980.jpg,malignant,Train,basal cell carcinoma
1488,./Skin cancer ISIC The International Skin Imaging Collaboration/Train/basal cell carcinoma/ISIC_0031585.jpg,malignant,Train,basal cell carcinoma
1489,./Skin cancer ISIC The International Skin Imaging Collaboration/Train/melanoma/ISIC_0010174.jpg,malignant,Train,melanoma
1490,./Skin cancer ISIC The International Skin Imaging Collaboration/Train/melanoma/ISIC_0010796.jpg,malignant,Train,melanoma
1491,./Skin cancer ISIC The International Skin Imaging Collaboration/Train/nevus/ISIC_0000323.jpg,benignant,Train,nevus
1492,./Skin cancer ISIC The International Skin Imaging Collaboration/Train/vascular lesion/ISIC_0024662.jpg,benignant,Train,vascular lesion
1493,./Skin cancer ISIC The International Skin Imaging Collaboration/Train/pigmented benign keratosis/ISIC_0025292.jpg,benignant,Train,pigmented benign keratosis
1494,./Skin cancer ISIC The International Skin Imaging Collaboration/Train/melanoma/ISIC_0010533.jpg,malignant,Train,melanoma
1495,./Skin cancer ISIC The International Skin Imaging Collaboration/Train/dermatofibroma/ISIC_0031372.jpg,benignant,Train,dermatofibroma
1496,./Skin cancer ISIC The International Skin Imaging Collaboration/Train/melanoma/ISIC_0010934.jpg,malignant,Train,melanoma
1497,./Skin cancer ISIC The International Skin Imaging Collaboration/Train/basal cell carcinoma/ISIC_0028147.jpg,malignant,Train,basal cell carcinoma
1498,./Skin cancer ISIC The International Skin Imaging Collaboration/Train/melanoma/ISIC_0009971.jpg,malignant,Train,melanoma
1499,./Skin cancer ISIC The International Skin Imaging Collaboration/Train/basal cell carcinoma/ISIC_0026090.jpg,malignant,Train,basal cell carcinoma
1500,./Skin cancer ISIC The International Skin Imaging Collaboration/Train/pigmented benign keratosis/ISIC_0026769.jpg,benignant,Train,pigmented benign keratosis
1501,./Skin cancer ISIC The International Skin Imaging Collaboration/Train/squamous cell carcinoma/ISIC_0032349.jpg,malignant,Train,squamous cell carcinoma
1502,./Skin cancer ISIC The International Skin Imaging Collaboration/Train/melanoma/ISIC_0010407.jpg,malignant,Train,melanoma
1503,./Skin cancer ISIC The International Skin Imaging Collaboration/Train/pigmented benign keratosis/ISIC_0025510.jpg,benignant,Train,pigmented benign keratosis
1504,./Skin cancer ISIC The International Skin Imaging Collaboration/Train/pigmented benign keratosis/ISIC_0025928.jpg,benignant,Train,pigmented benign keratosis
1505,./Skin cancer ISIC The International Skin Imaging Collaboration/Train/squamous cell carcinoma/ISIC_0027678.jpg,malignant,Train,squamous cell carcinoma
1506,./Skin cancer ISIC The International Skin Imaging Collaboration/Train/squamous cell carcinoma/ISIC_0031874.jpg,malignant,Train,squamous cell carcinoma
1507,./Skin cancer ISIC The International Skin Imaging Collaboration/Train/nevus/ISIC_0000431.jpg,benignant,Train,nevus
1508,./Skin cancer ISIC The International Skin Imaging Collaboration/Train/actinic keratosis/ISIC_0029210.jpg,malignant,Train,actinic keratosis
1509,./Skin cancer ISIC The International Skin Imaging Collaboration/Train/dermatofibroma/ISIC_0034135.jpg,benignant,Train,dermatofibroma
1510,./Skin cancer ISIC The International Skin Imaging Collaboration/Train/nevus/ISIC_0000408.jpg,benignant,Train,nevus
1511,./Skin cancer ISIC The International Skin Imaging Collaboration/Train/basal cell carcinoma/ISIC_0028928.jpg,malignant,Train,basal cell carcinoma
1512,./Skin cancer ISIC The International Skin Imaging Collaboration/Train/melanoma/ISIC_0010360.jpg,malignant,Train,melanoma
1513,./Skin cancer ISIC The International Skin Imaging Collaboration/Train/nevus/ISIC_0010889.jpg,benignant,Train,nevus
1514,./Skin cancer ISIC The International Skin Imaging Collaboration/Train/melanoma/ISIC_0010056.jpg,malignant,Train,melanoma
1515,./Skin cancer ISIC The International Skin Imaging Collaboration/Train/pigmented benign keratosis/ISIC_0026245.jpg,benignant,Train,pigmented benign keratosis
1516,./Skin cancer ISIC The International Skin Imaging Collaboration/Train/nevus/ISIC_0000230.jpg,benignant,Train,nevus
1517,./Skin cancer ISIC The International Skin Imaging Collaboration/Train/melanoma/ISIC_0010537.jpg,malignant,Train,melanoma
1518,./Skin cancer ISIC The International Skin Imaging Collaboration/Train/seborrheic keratosis/ISIC_0011032.jpg,benignant,Train,seborrheic keratosis
1519,./Skin cancer ISIC The International Skin Imaging Collaboration/Train/pigmented benign keratosis/ISIC_0025583.jpg,benignant,Train,pigmented benign keratosis
1520,./Skin cancer ISIC The International Skin Imaging Collaboration/Train/melanoma/ISIC_0010883.jpg,malignant,Train,melanoma
1521,./Skin cancer ISIC The International Skin Imaging Collaboration/Train/pigmented benign keratosis/ISIC_0025837.jpg,benignant,Train,pigmented benign keratosis
1522,./Skin cancer ISIC The International Skin Imaging Collaboration/Train/nevus/ISIC_0000267.jpg,benignant,Train,nevus
1523,./Skin cancer ISIC The International Skin Imaging Collaboration/Train/dermatofibroma/ISIC_0027626.jpg,benignant,Train,dermatofibroma
1524,./Skin cancer ISIC The International Skin Imaging Collaboration/Train/nevus/ISIC_0000468.jpg,benignant,Train,nevus
1525,./Skin cancer ISIC The International Skin Imaging Collaboration/Train/melanoma/ISIC_0010737.jpg,malignant,Train,melanoma
1526,./Skin cancer ISIC The International Skin Imaging Collaboration/Train/pigmented benign keratosis/ISIC_0028309.jpg,benignant,Train,pigmented benign keratosis
1527,./Skin cancer ISIC The International Skin Imaging Collaboration/Train/seborrheic keratosis/ISIC_0011158.jpg,benignant,Train,seborrheic keratosis
1528,./Skin cancer ISIC The International Skin Imaging Collaboration/Train/basal cell carcinoma/ISIC_0024504.jpg,malignant,Train,basal cell carcinoma
1529,./Skin cancer ISIC The International Skin Imaging Collaboration/Train/pigmented benign keratosis/ISIC_0026286.jpg,benignant,Train,pigmented benign keratosis
1530,./Skin cancer ISIC The International Skin Imaging Collaboration/Train/pigmented benign keratosis/ISIC_0028121.jpg,benignant,Train,pigmented benign keratosis
1531,./Skin cancer ISIC The International Skin Imaging Collaboration/Train/dermatofibroma/ISIC_0033780.jpg,benignant,Train,dermatofibroma
1532,./Skin cancer ISIC The International Skin Imaging Collaboration/Train/actinic keratosis/ISIC_0032422.jpg,malignant,Train,actinic keratosis
1533,./Skin cancer ISIC The International Skin Imaging Collaboration/Train/pigmented benign keratosis/ISIC_0027006.jpg,benignant,Train,pigmented benign keratosis
1534,./Skin cancer ISIC The International Skin Imaging Collaboration/Test/melanoma/ISIC_0000054.jpg,malignant,Test,melanoma
1535,./Skin cancer ISIC The International Skin Imaging Collaboration/Train/nevus/ISIC_0000335.jpg,benignant,Train,nevus
1536,./Skin cancer ISIC The International Skin Imaging Collaboration/Train/pigmented benign keratosis/ISIC_0028343.jpg,benignant,Train,pigmented benign keratosis
1537,./Skin cancer ISIC The International Skin Imaging Collaboration/Train/melanoma/ISIC_0000398.jpg,malignant,Train,melanoma
1538,./Skin cancer ISIC The International Skin Imaging Collaboration/Train/melanoma/ISIC_0010156.jpg,malignant,Train,melanoma
1539,./Skin cancer ISIC The International Skin Imaging Collaboration/Train/actinic keratosis/ISIC_0027447.jpg,malignant,Train,actinic keratosis
1540,./Skin cancer ISIC The International Skin Imaging Collaboration/Train/pigmented benign keratosis/ISIC_0025554.jpg,benignant,Train,pigmented benign keratosis
1541,./Skin cancer ISIC The International Skin Imaging Collaboration/Train/melanoma/ISIC_0000428.jpg,malignant,Train,melanoma
1542,./Skin cancer ISIC The International Skin Imaging Collaboration/Train/pigmented benign keratosis/ISIC_0028229.jpg,benignant,Train,pigmented benign keratosis
1543,./Skin cancer ISIC The International Skin Imaging Collaboration/Train/squamous cell carcinoma/ISIC_0028499.jpg,malignant,Train,squamous cell carcinoma
1544,./Skin cancer ISIC The International Skin Imaging Collaboration/Train/vascular lesion/ISIC_0030722.jpg,benignant,Train,vascular lesion
1545,./Skin cancer ISIC The International Skin Imaging Collaboration/Train/pigmented benign keratosis/ISIC_0025276.jpg,benignant,Train,pigmented benign keratosis
1546,./Skin cancer ISIC The International Skin Imaging Collaboration/Train/basal cell carcinoma/ISIC_0025752.jpg,malignant,Train,basal cell carcinoma
1547,./Skin cancer ISIC The International Skin Imaging Collaboration/Train/nevus/ISIC_0000427.jpg,benignant,Train,nevus
1548,./Skin cancer ISIC The International Skin Imaging Collaboration/Train/nevus/ISIC_0000260.jpg,benignant,Train,nevus
1549,./Skin cancer ISIC The International Skin Imaging Collaboration/Train/pigmented benign keratosis/ISIC_0025758.jpg,benignant,Train,pigmented benign keratosis
1550,./Skin cancer ISIC The International Skin Imaging Collaboration/Train/melanoma/ISIC_0000168.jpg,malignant,Train,melanoma
1551,./Skin cancer ISIC The International Skin Imaging Collaboration/Train/seborrheic keratosis/ISIC_0011169.jpg,benignant,Train,seborrheic keratosis
1552,./Skin cancer ISIC The International Skin Imaging Collaboration/Train/pigmented benign keratosis/ISIC_0025033.jpg,benignant,Train,pigmented benign keratosis
1553,./Skin cancer ISIC The International Skin Imaging Collaboration/Train/seborrheic keratosis/ISIC_0011181.jpg,benignant,Train,seborrheic keratosis
1554,./Skin cancer ISIC The International Skin Imaging Collaboration/Train/pigmented benign keratosis/ISIC_0027739.jpg,benignant,Train,pigmented benign keratosis
1555,./Skin cancer ISIC The International Skin Imaging Collaboration/Train/basal cell carcinoma/ISIC_0025467.jpg,malignant,Train,basal cell carcinoma
1556,./Skin cancer ISIC The International Skin Imaging Collaboration/Test/squamous cell carcinoma/ISIC_0024575.jpg,malignant,Test,squamous cell carcinoma
1557,./Skin cancer ISIC The International Skin Imaging Collaboration/Train/nevus/ISIC_0000240.jpg,benignant,Train,nevus
1558,./Skin cancer ISIC The International Skin Imaging Collaboration/Train/pigmented benign keratosis/ISIC_0024883.jpg,benignant,Train,pigmented benign keratosis
1559,./Skin cancer ISIC The International Skin Imaging Collaboration/Train/squamous cell carcinoma/ISIC_0025712.jpg,malignant,Train,squamous cell carcinoma
1560,./Skin cancer ISIC The International Skin Imaging Collaboration/Train/melanoma/ISIC_0010990.jpg,malignant,Train,melanoma
1561,./Skin cancer ISIC The International Skin Imaging Collaboration/Train/squamous cell carcinoma/ISIC_0025350.jpg,malignant,Train,squamous cell carcinoma
1562,./Skin cancer ISIC The International Skin Imaging Collaboration/Train/vascular lesion/ISIC_0032409.jpg,benignant,Train,vascular lesion
1563,./Skin cancer ISIC The International Skin Imaging Collaboration/Train/nevus/ISIC_0000384.jpg,benignant,Train,nevus
1564,./Skin cancer ISIC The International Skin Imaging Collaboration/Train/dermatofibroma/ISIC_0026254.jpg,benignant,Train,dermatofibroma
1565,./Skin cancer ISIC The International Skin Imaging Collaboration/Train/basal cell carcinoma/ISIC_0029745.jpg,malignant,Train,basal cell carcinoma
1566,./Skin cancer ISIC The International Skin Imaging Collaboration/Train/pigmented benign keratosis/ISIC_0025465.jpg,benignant,Train,pigmented benign keratosis
1567,./Skin cancer ISIC The International Skin Imaging Collaboration/Train/pigmented benign keratosis/ISIC_0026205.jpg,benignant,Train,pigmented benign keratosis
1568,./Skin cancer ISIC The International Skin Imaging Collaboration/Train/vascular lesion/ISIC_0030070.jpg,benignant,Train,vascular lesion
1569,./Skin cancer ISIC The International Skin Imaging Collaboration/Train/melanoma/ISIC_0011007.jpg,malignant,Train,melanoma
1570,./Skin cancer ISIC The International Skin Imaging Collaboration/Train/vascular lesion/ISIC_0032614.jpg,benignant,Train,vascular lesion
1571,./Skin cancer ISIC The International Skin Imaging Collaboration/Train/nevus/ISIC_0000264.jpg,benignant,Train,nevus
1572,./Skin cancer ISIC The International Skin Imaging Collaboration/Train/melanoma/ISIC_0000516.jpg,malignant,Train,melanoma
1573,./Skin cancer ISIC The International Skin Imaging Collaboration/Train/dermatofibroma/ISIC_0029039.jpg,benignant,Train,dermatofibroma
1574,./Skin cancer ISIC The International Skin Imaging Collaboration/Train/nevus/ISIC_0000538.jpg,benignant,Train,nevus
1575,./Skin cancer ISIC The International Skin Imaging Collaboration/Train/dermatofibroma/ISIC_0029052.jpg,benignant,Train,dermatofibroma
1576,./Skin cancer ISIC The International Skin Imaging Collaboration/Test/melanoma/ISIC_0000031.jpg,malignant,Test,melanoma
1577,./Skin cancer ISIC The International Skin Imaging Collaboration/Train/pigmented benign keratosis/ISIC_0026959.jpg,benignant,Train,pigmented benign keratosis
1578,./Skin cancer ISIC The International Skin Imaging Collaboration/Train/actinic keratosis/ISIC_0027958.jpg,malignant,Train,actinic keratosis
1579,./Skin cancer ISIC The International Skin Imaging Collaboration/Train/melanoma/ISIC_0010810.jpg,malignant,Train,melanoma
1580,./Skin cancer ISIC The International Skin Imaging Collaboration/Train/squamous cell carcinoma/ISIC_0024946.jpg,malignant,Train,squamous cell carcinoma
1581,./Skin cancer ISIC The International Skin Imaging Collaboration/Train/melanoma/ISIC_0010050.jpg,malignant,Train,melanoma
1582,./Skin cancer ISIC The International Skin Imaging Collaboration/Train/vascular lesion/ISIC_0029514.jpg,benignant,Train,vascular lesion
1583,./Skin cancer ISIC The International Skin Imaging Collaboration/Train/nevus/ISIC_0000524.jpg,benignant,Train,nevus
1584,./Skin cancer ISIC The International Skin Imaging Collaboration/Train/vascular lesion/ISIC_0028714.jpg,benignant,Train,vascular lesion
1585,./Skin cancer ISIC The International Skin Imaging Collaboration/Train/melanoma/ISIC_0000502.jpg,malignant,Train,melanoma
1586,./Skin cancer ISIC The International Skin Imaging Collaboration/Train/pigmented benign keratosis/ISIC_0024814.jpg,benignant,Train,pigmented benign keratosis
1587,./Skin cancer ISIC The International Skin Imaging Collaboration/Train/dermatofibroma/ISIC_0033554.jpg,benignant,Train,dermatofibroma
1588,./Skin cancer ISIC The International Skin Imaging Collaboration/Train/melanoma/ISIC_0001151.jpg,malignant,Train,melanoma
1589,./Skin cancer ISIC The International Skin Imaging Collaboration/Train/pigmented benign keratosis/ISIC_0025199.jpg,benignant,Train,pigmented benign keratosis
1590,./Skin cancer ISIC The International Skin Imaging Collaboration/Train/squamous cell carcinoma/ISIC_0030387.jpg,malignant,Train,squamous cell carcinoma
1591,./Skin cancer ISIC The International Skin Imaging Collaboration/Train/squamous cell carcinoma/ISIC_0029573.jpg,malignant,Train,squamous cell carcinoma
1592,./Skin cancer ISIC The International Skin Imaging Collaboration/Train/vascular lesion/ISIC_0030104.jpg,benignant,Train,vascular lesion
1593,./Skin cancer ISIC The International Skin Imaging Collaboration/Train/melanoma/ISIC_0000555.jpg,malignant,Train,melanoma
1594,./Skin cancer ISIC The International Skin Imaging Collaboration/Train/squamous cell carcinoma/ISIC_0025069.jpg,malignant,Train,squamous cell carcinoma
1595,./Skin cancer ISIC The International Skin Imaging Collaboration/Train/melanoma/ISIC_0000411.jpg,malignant,Train,melanoma
1596,./Skin cancer ISIC The International Skin Imaging Collaboration/Train/squamous cell carcinoma/ISIC_0027343.jpg,malignant,Train,squamous cell carcinoma
1597,./Skin cancer ISIC The International Skin Imaging Collaboration/Train/pigmented benign keratosis/ISIC_0026644.jpg,benignant,Train,pigmented benign keratosis
1598,./Skin cancer ISIC The International Skin Imaging Collaboration/Train/melanoma/ISIC_0000176.jpg,malignant,Train,melanoma
1599,./Skin cancer ISIC The International Skin Imaging Collaboration/Train/dermatofibroma/ISIC_0027044.jpg,benignant,Train,dermatofibroma
1600,./Skin cancer ISIC The International Skin Imaging Collaboration/Train/vascular lesion/ISIC_0034196.jpg,benignant,Train,vascular lesion
1601,./Skin cancer ISIC The International Skin Imaging Collaboration/Train/pigmented benign keratosis/ISIC_0026871.jpg,benignant,Train,pigmented benign keratosis
1602,./Skin cancer ISIC The International Skin Imaging Collaboration/Train/pigmented benign keratosis/ISIC_0026849.jpg,benignant,Train,pigmented benign keratosis
1603,./Skin cancer ISIC The International Skin Imaging Collaboration/Train/melanoma/ISIC_0000299.jpg,malignant,Train,melanoma
1604,./Skin cancer ISIC The International Skin Imaging Collaboration/Train/basal cell carcinoma/ISIC_0026154.jpg,malignant,Train,basal cell carcinoma
1605,./Skin cancer ISIC The International Skin Imaging Collaboration/Train/pigmented benign keratosis/ISIC_0026893.jpg,benignant,Train,pigmented benign keratosis
1606,./Skin cancer ISIC The International Skin Imaging Collaboration/Train/squamous cell carcinoma/ISIC_0027930.jpg,malignant,Train,squamous cell carcinoma
1607,./Skin cancer ISIC The International Skin Imaging Collaboration/Train/nevus/ISIC_0000369.jpg,benignant,Train,nevus
1608,./Skin cancer ISIC The International Skin Imaging Collaboration/Train/basal cell carcinoma/ISIC_0028350.jpg,malignant,Train,basal cell carcinoma
1609,./Skin cancer ISIC The International Skin Imaging Collaboration/Train/pigmented benign keratosis/ISIC_0028628.jpg,benignant,Train,pigmented benign keratosis
1610,./Skin cancer ISIC The International Skin Imaging Collaboration/Train/seborrheic keratosis/ISIC_0010876.jpg,benignant,Train,seborrheic keratosis
1611,./Skin cancer ISIC The International Skin Imaging Collaboration/Train/pigmented benign keratosis/ISIC_0026139.jpg,benignant,Train,pigmented benign keratosis
1612,./Skin cancer ISIC The International Skin Imaging Collaboration/Train/melanoma/ISIC_0000517.jpg,malignant,Train,melanoma
1613,./Skin cancer ISIC The International Skin Imaging Collaboration/Train/basal cell carcinoma/ISIC_0031318.jpg,malignant,Train,basal cell carcinoma
1614,./Skin cancer ISIC The International Skin Imaging Collaboration/Train/dermatofibroma/ISIC_0025903.jpg,benignant,Train,dermatofibroma
1615,./Skin cancer ISIC The International Skin Imaging Collaboration/Train/vascular lesion/ISIC_0031955.jpg,benignant,Train,vascular lesion
1616,./Skin cancer ISIC The International Skin Imaging Collaboration/Test/melanoma/ISIC_0000049.jpg,malignant,Test,melanoma
1617,./Skin cancer ISIC The International Skin Imaging Collaboration/Train/pigmented benign keratosis/ISIC_0027584.jpg,benignant,Train,pigmented benign keratosis
1618,./Skin cancer ISIC The International Skin Imaging Collaboration/Train/pigmented benign keratosis/ISIC_0024453.jpg,benignant,Train,pigmented benign keratosis
1619,./Skin cancer ISIC The International Skin Imaging Collaboration/Train/basal cell carcinoma/ISIC_0024885.jpg,malignant,Train,basal cell carcinoma
1620,./Skin cancer ISIC The International Skin Imaging Collaboration/Train/pigmented benign keratosis/ISIC_0028124.jpg,benignant,Train,pigmented benign keratosis
1621,./Skin cancer ISIC The International Skin Imaging Collaboration/Train/pigmented benign keratosis/ISIC_0028052.jpg,benignant,Train,pigmented benign keratosis
1622,./Skin cancer ISIC The International Skin Imaging Collaboration/Train/basal cell carcinoma/ISIC_0031063.jpg,malignant,Train,basal cell carcinoma
1623,./Skin cancer ISIC The International Skin Imaging Collaboration/Train/squamous cell carcinoma/ISIC_0028730.jpg,malignant,Train,squamous cell carcinoma
1624,./Skin cancer ISIC The International Skin Imaging Collaboration/Train/dermatofibroma/ISIC_0032642.jpg,benignant,Train,dermatofibroma
1625,./Skin cancer ISIC The International Skin Imaging Collaboration/Train/pigmented benign keratosis/ISIC_0027957.jpg,benignant,Train,pigmented benign keratosis
1626,./Skin cancer ISIC The International Skin Imaging Collaboration/Train/basal cell carcinoma/ISIC_0031351.jpg,malignant,Train,basal cell carcinoma
1627,./Skin cancer ISIC The International Skin Imaging Collaboration/Train/squamous cell carcinoma/ISIC_0024925.jpg,malignant,Train,squamous cell carcinoma
1628,./Skin cancer ISIC The International Skin Imaging Collaboration/Train/nevus/ISIC_0000366.jpg,benignant,Train,nevus
1629,./Skin cancer ISIC The International Skin Imaging Collaboration/Train/basal cell carcinoma/ISIC_0024949.jpg,malignant,Train,basal cell carcinoma
1630,./Skin cancer ISIC The International Skin Imaging Collaboration/Train/nevus/ISIC_0000221.jpg,benignant,Train,nevus
1631,./Skin cancer ISIC The International Skin Imaging Collaboration/Train/basal cell carcinoma/ISIC_0031614.jpg,malignant,Train,basal cell carcinoma
1632,./Skin cancer ISIC The International Skin Imaging Collaboration/Train/pigmented benign keratosis/ISIC_0027806.jpg,benignant,Train,pigmented benign keratosis
1633,./Skin cancer ISIC The International Skin Imaging Collaboration/Train/melanoma/ISIC_0010393.jpg,malignant,Train,melanoma
1634,./Skin cancer ISIC The International Skin Imaging Collaboration/Train/pigmented benign keratosis/ISIC_0025984.jpg,benignant,Train,pigmented benign keratosis
1635,./Skin cancer ISIC The International Skin Imaging Collaboration/Train/squamous cell carcinoma/ISIC_0031431.jpg,malignant,Train,squamous cell carcinoma
1636,./Skin cancer ISIC The International Skin Imaging Collaboration/Train/nevus/ISIC_0000477.jpg,benignant,Train,nevus
1637,./Skin cancer ISIC The International Skin Imaging Collaboration/Train/melanoma/ISIC_0000167.jpg,malignant,Train,melanoma
1638,./Skin cancer ISIC The International Skin Imaging Collaboration/Train/pigmented benign keratosis/ISIC_0024490.jpg,benignant,Train,pigmented benign keratosis
1639,./Skin cancer ISIC The International Skin Imaging Collaboration/Train/nevus/ISIC_0000068.jpg,benignant,Train,nevus
1640,./Skin cancer ISIC The International Skin Imaging Collaboration/Train/actinic keratosis/ISIC_0026468.jpg,malignant,Train,actinic keratosis
1641,./Skin cancer ISIC The International Skin Imaging Collaboration/Train/basal cell carcinoma/ISIC_0027976.jpg,malignant,Train,basal cell carcinoma
1642,./Skin cancer ISIC The International Skin Imaging Collaboration/Train/pigmented benign keratosis/ISIC_0024881.jpg,benignant,Train,pigmented benign keratosis
1643,./Skin cancer ISIC The International Skin Imaging Collaboration/Train/squamous cell carcinoma/ISIC_0030191.jpg,malignant,Train,squamous cell carcinoma
1644,./Skin cancer ISIC The International Skin Imaging Collaboration/Train/pigmented benign keratosis/ISIC_0027989.jpg,benignant,Train,pigmented benign keratosis
1645,./Skin cancer ISIC The International Skin Imaging Collaboration/Train/nevus/ISIC_0000223.jpg,benignant,Train,nevus
1646,./Skin cancer ISIC The International Skin Imaging Collaboration/Train/dermatofibroma/ISIC_0029962.jpg,benignant,Train,dermatofibroma
1647,./Skin cancer ISIC The International Skin Imaging Collaboration/Train/pigmented benign keratosis/ISIC_0027796.jpg,benignant,Train,pigmented benign keratosis
1648,./Skin cancer ISIC The International Skin Imaging Collaboration/Train/squamous cell carcinoma/ISIC_0028872.jpg,malignant,Train,squamous cell carcinoma
1649,./Skin cancer ISIC The International Skin Imaging Collaboration/Train/melanoma/ISIC_0011039.jpg,malignant,Train,melanoma
1650,./Skin cancer ISIC The International Skin Imaging Collaboration/Train/melanoma/ISIC_0000292.jpg,malignant,Train,melanoma
1651,./Skin cancer ISIC The International Skin Imaging Collaboration/Train/pigmented benign keratosis/ISIC_0026311.jpg,benignant,Train,pigmented benign keratosis
1652,./Skin cancer ISIC The International Skin Imaging Collaboration/Train/actinic keratosis/ISIC_0033494.jpg,malignant,Train,actinic keratosis
1653,./Skin cancer ISIC The International Skin Imaging Collaboration/Train/melanoma/ISIC_0010313.jpg,malignant,Train,melanoma
1654,./Skin cancer ISIC The International Skin Imaging Collaboration/Train/vascular lesion/ISIC_0025452.jpg,benignant,Train,vascular lesion
1655,./Skin cancer ISIC The International Skin Imaging Collaboration/Train/vascular lesion/ISIC_0028146.jpg,benignant,Train,vascular lesion
1656,./Skin cancer ISIC The International Skin Imaging Collaboration/Train/nevus/ISIC_0026650.jpg,benignant,Train,nevus
1657,./Skin cancer ISIC The International Skin Imaging Collaboration/Train/squamous cell carcinoma/ISIC_0030827.jpg,malignant,Train,squamous cell carcinoma
1658,./Skin cancer ISIC The International Skin Imaging Collaboration/Train/melanoma/ISIC_0010388.jpg,malignant,Train,melanoma
1659,./Skin cancer ISIC The International Skin Imaging Collaboration/Train/pigmented benign keratosis/ISIC_0028555.jpg,benignant,Train,pigmented benign keratosis
1660,./Skin cancer ISIC The International Skin Imaging Collaboration/Test/actinic keratosis/ISIC_0024763.jpg,malignant,Test,actinic keratosis
1661,./Skin cancer ISIC The International Skin Imaging Collaboration/Train/pigmented benign keratosis/ISIC_0026590.jpg,benignant,Train,pigmented benign keratosis
1662,./Skin cancer ISIC The International Skin Imaging Collaboration/Train/nevus/ISIC_0000496.jpg,benignant,Train,nevus
1663,./Skin cancer ISIC The International Skin Imaging Collaboration/Train/actinic keratosis/ISIC_0026709.jpg,malignant,Train,actinic keratosis
1664,./Skin cancer ISIC The International Skin Imaging Collaboration/Train/pigmented benign keratosis/ISIC_0027275.jpg,benignant,Train,pigmented benign keratosis
1665,./Skin cancer ISIC The International Skin Imaging Collaboration/Train/vascular lesion/ISIC_0025321.jpg,benignant,Train,vascular lesion
1666,./Skin cancer ISIC The International Skin Imaging Collaboration/Train/nevus/ISIC_0000237.jpg,benignant,Train,nevus
1667,./Skin cancer ISIC The International Skin Imaging Collaboration/Train/basal cell carcinoma/ISIC_0029341.jpg,malignant,Train,basal cell carcinoma
1668,./Skin cancer ISIC The International Skin Imaging Collaboration/Train/seborrheic keratosis/ISIC_0011130.jpg,benignant,Train,seborrheic keratosis
1669,./Skin cancer ISIC The International Skin Imaging Collaboration/Train/nevus/ISIC_0000234.jpg,benignant,Train,nevus
1670,./Skin cancer ISIC The International Skin Imaging Collaboration/Train/pigmented benign keratosis/ISIC_0024672.jpg,benignant,Train,pigmented benign keratosis
1671,./Skin cancer ISIC The International Skin Imaging Collaboration/Train/basal cell carcinoma/ISIC_0027915.jpg,malignant,Train,basal cell carcinoma
1672,./Skin cancer ISIC The International Skin Imaging Collaboration/Train/actinic keratosis/ISIC_0027884.jpg,malignant,Train,actinic keratosis
1673,./Skin cancer ISIC The International Skin Imaging Collaboration/Train/pigmented benign keratosis/ISIC_0028451.jpg,benignant,Train,pigmented benign keratosis
1674,./Skin cancer ISIC The International Skin Imaging Collaboration/Train/pigmented benign keratosis/ISIC_0024770.jpg,benignant,Train,pigmented benign keratosis
1675,./Skin cancer ISIC The International Skin Imaging Collaboration/Train/basal cell carcinoma/ISIC_0024573.jpg,malignant,Train,basal cell carcinoma
1676,./Skin cancer ISIC The International Skin Imaging Collaboration/Train/dermatofibroma/ISIC_0032247.jpg,benignant,Train,dermatofibroma
1677,./Skin cancer ISIC The International Skin Imaging Collaboration/Train/melanoma/ISIC_0000301.jpg,malignant,Train,melanoma
1678,./Skin cancer ISIC The International Skin Imaging Collaboration/Train/melanoma/ISIC_0010288.jpg,malignant,Train,melanoma
1679,./Skin cancer ISIC The International Skin Imaging Collaboration/Train/actinic keratosis/ISIC_0030826.jpg,malignant,Train,actinic keratosis
1680,./Skin cancer ISIC The International Skin Imaging Collaboration/Train/basal cell carcinoma/ISIC_0024833.jpg,malignant,Train,basal cell carcinoma
1681,./Skin cancer ISIC The International Skin Imaging Collaboration/Train/squamous cell carcinoma/ISIC_0027700.jpg,malignant,Train,squamous cell carcinoma
1682,./Skin cancer ISIC The International Skin Imaging Collaboration/Train/melanoma/ISIC_0010394.jpg,malignant,Train,melanoma
1683,./Skin cancer ISIC The International Skin Imaging Collaboration/Train/vascular lesion/ISIC_0032557.jpg,benignant,Train,vascular lesion
1684,./Skin cancer ISIC The International Skin Imaging Collaboration/Train/basal cell carcinoma/ISIC_0026855.jpg,malignant,Train,basal cell carcinoma
1685,./Skin cancer ISIC The International Skin Imaging Collaboration/Train/pigmented benign keratosis/ISIC_0027027.jpg,benignant,Train,pigmented benign keratosis
1686,./Skin cancer ISIC The International Skin Imaging Collaboration/Train/vascular lesion/ISIC_0032538.jpg,benignant,Train,vascular lesion
1687,./Skin cancer ISIC The International Skin Imaging Collaboration/Train/actinic keratosis/ISIC_0027615.jpg,malignant,Train,actinic keratosis
1688,./Skin cancer ISIC The International Skin Imaging Collaboration/Train/dermatofibroma/ISIC_0030427.jpg,benignant,Train,dermatofibroma
1689,./Skin cancer ISIC The International Skin Imaging Collaboration/Train/basal cell carcinoma/ISIC_0028556.jpg,malignant,Train,basal cell carcinoma
1690,./Skin cancer ISIC The International Skin Imaging Collaboration/Train/basal cell carcinoma/ISIC_0028238.jpg,malignant,Train,basal cell carcinoma
1691,./Skin cancer ISIC The International Skin Imaging Collaboration/Train/nevus/ISIC_0028941.jpg,benignant,Train,nevus
1692,./Skin cancer ISIC The International Skin Imaging Collaboration/Train/melanoma/ISIC_0010579.jpg,malignant,Train,melanoma
1693,./Skin cancer ISIC The International Skin Imaging Collaboration/Train/nevus/ISIC_0000510.jpg,benignant,Train,nevus
1694,./Skin cancer ISIC The International Skin Imaging Collaboration/Train/dermatofibroma/ISIC_0032613.jpg,benignant,Train,dermatofibroma
1695,./Skin cancer ISIC The International Skin Imaging Collaboration/Train/melanoma/ISIC_0011140.jpg,malignant,Train,melanoma
1696,./Skin cancer ISIC The International Skin Imaging Collaboration/Train/pigmented benign keratosis/ISIC_0025719.jpg,benignant,Train,pigmented benign keratosis
1697,./Skin cancer ISIC The International Skin Imaging Collaboration/Train/basal cell carcinoma/ISIC_0029035.jpg,malignant,Train,basal cell carcinoma
1698,./Skin cancer ISIC The International Skin Imaging Collaboration/Train/basal cell carcinoma/ISIC_0031413.jpg,malignant,Train,basal cell carcinoma
1699,./Skin cancer ISIC The International Skin Imaging Collaboration/Train/basal cell carcinoma/ISIC_0025046.jpg,malignant,Train,basal cell carcinoma
1700,./Skin cancer ISIC The International Skin Imaging Collaboration/Train/melanoma/ISIC_0000399.jpg,malignant,Train,melanoma
1701,./Skin cancer ISIC The International Skin Imaging Collaboration/Train/nevus/ISIC_0000505.jpg,benignant,Train,nevus
1702,./Skin cancer ISIC The International Skin Imaging Collaboration/Train/melanoma/ISIC_0000463.jpg,malignant,Train,melanoma
1703,./Skin cancer ISIC The International Skin Imaging Collaboration/Train/dermatofibroma/ISIC_0033005.jpg,benignant,Train,dermatofibroma
1704,./Skin cancer ISIC The International Skin Imaging Collaboration/Train/melanoma/ISIC_0010610.jpg,malignant,Train,melanoma
1705,./Skin cancer ISIC The International Skin Imaging Collaboration/Train/squamous cell carcinoma/ISIC_0025029.jpg,malignant,Train,squamous cell carcinoma
1706,./Skin cancer ISIC The International Skin Imaging Collaboration/Train/pigmented benign keratosis/ISIC_0028593.jpg,benignant,Train,pigmented benign keratosis
1707,./Skin cancer ISIC The International Skin Imaging Collaboration/Train/pigmented benign keratosis/ISIC_0025431.jpg,benignant,Train,pigmented benign keratosis
1708,./Skin cancer ISIC The International Skin Imaging Collaboration/Train/basal cell carcinoma/ISIC_0025301.jpg,malignant,Train,basal cell carcinoma
1709,./Skin cancer ISIC The International Skin Imaging Collaboration/Train/basal cell carcinoma/ISIC_0027473.jpg,malignant,Train,basal cell carcinoma
1710,./Skin cancer ISIC The International Skin Imaging Collaboration/Train/pigmented benign keratosis/ISIC_0024970.jpg,benignant,Train,pigmented benign keratosis
1711,./Skin cancer ISIC The International Skin Imaging Collaboration/Train/squamous cell carcinoma/ISIC_0031211.jpg,malignant,Train,squamous cell carcinoma
1712,./Skin cancer ISIC The International Skin Imaging Collaboration/Train/basal cell carcinoma/ISIC_0029655.jpg,malignant,Train,basal cell carcinoma
1713,./Skin cancer ISIC The International Skin Imaging Collaboration/Train/nevus/ISIC_0000028.jpg,benignant,Train,nevus
1714,./Skin cancer ISIC The International Skin Imaging Collaboration/Train/pigmented benign keratosis/ISIC_0027780.jpg,benignant,Train,pigmented benign keratosis
1715,./Skin cancer ISIC The International Skin Imaging Collaboration/Train/pigmented benign keratosis/ISIC_0025016.jpg,benignant,Train,pigmented benign keratosis
1716,./Skin cancer ISIC The International Skin Imaging Collaboration/Test/squamous cell carcinoma/ISIC_0024450.jpg,malignant,Test,squamous cell carcinoma
1717,./Skin cancer ISIC The International Skin Imaging Collaboration/Train/nevus/ISIC_0000328.jpg,benignant,Train,nevus
1718,./Skin cancer ISIC The International Skin Imaging Collaboration/Train/nevus/ISIC_0000497.jpg,benignant,Train,nevus
1719,./Skin cancer ISIC The International Skin Imaging Collaboration/Train/vascular lesion/ISIC_0025807.jpg,benignant,Train,vascular lesion
1720,./Skin cancer ISIC The International Skin Imaging Collaboration/Train/nevus/ISIC_0000424.jpg,benignant,Train,nevus
1721,./Skin cancer ISIC The International Skin Imaging Collaboration/Train/pigmented benign keratosis/ISIC_0025345.jpg,benignant,Train,pigmented benign keratosis
1722,./Skin cancer ISIC The International Skin Imaging Collaboration/Train/pigmented benign keratosis/ISIC_0025454.jpg,benignant,Train,pigmented benign keratosis
1723,./Skin cancer ISIC The International Skin Imaging Collaboration/Train/nevus/ISIC_0000343.jpg,benignant,Train,nevus
1724,./Skin cancer ISIC The International Skin Imaging Collaboration/Train/pigmented benign keratosis/ISIC_0026335.jpg,benignant,Train,pigmented benign keratosis
1725,./Skin cancer ISIC The International Skin Imaging Collaboration/Train/melanoma/ISIC_0010392.jpg,malignant,Train,melanoma
1726,./Skin cancer ISIC The International Skin Imaging Collaboration/Train/vascular lesion/ISIC_0031065.jpg,benignant,Train,vascular lesion
1727,./Skin cancer ISIC The International Skin Imaging Collaboration/Train/nevus/ISIC_0000481.jpg,benignant,Train,nevus
1728,./Skin cancer ISIC The International Skin Imaging Collaboration/Train/nevus/ISIC_0025992.jpg,benignant,Train,nevus
1729,./Skin cancer ISIC The International Skin Imaging Collaboration/Train/basal cell carcinoma/ISIC_0027704.jpg,malignant,Train,basal cell carcinoma
1730,./Skin cancer ISIC The International Skin Imaging Collaboration/Train/actinic keratosis/ISIC_0027950.jpg,malignant,Train,actinic keratosis
1731,./Skin cancer ISIC The International Skin Imaging Collaboration/Train/nevus/ISIC_0000051.jpg,benignant,Train,nevus
1732,./Skin cancer ISIC The International Skin Imaging Collaboration/Train/basal cell carcinoma/ISIC_0029193.jpg,malignant,Train,basal cell carcinoma
1733,./Skin cancer ISIC The International Skin Imaging Collaboration/Train/nevus/ISIC_0000229.jpg,benignant,Train,nevus
1734,./Skin cancer ISIC The International Skin Imaging Collaboration/Train/basal cell carcinoma/ISIC_0030690.jpg,malignant,Train,basal cell carcinoma
1735,./Skin cancer ISIC The International Skin Imaging Collaboration/Train/basal cell carcinoma/ISIC_0025711.jpg,malignant,Train,basal cell carcinoma
1736,./Skin cancer ISIC The International Skin Imaging Collaboration/Train/melanoma/ISIC_0010029.jpg,malignant,Train,melanoma
1737,./Skin cancer ISIC The International Skin Imaging Collaboration/Train/pigmented benign keratosis/ISIC_0027649.jpg,benignant,Train,pigmented benign keratosis
1738,./Skin cancer ISIC The International Skin Imaging Collaboration/Train/melanoma/ISIC_0011112.jpg,malignant,Train,melanoma
1739,./Skin cancer ISIC The International Skin Imaging Collaboration/Train/squamous cell carcinoma/ISIC_0027529.jpg,malignant,Train,squamous cell carcinoma
1740,./Skin cancer ISIC The International Skin Imaging Collaboration/Train/basal cell carcinoma/ISIC_0030145.jpg,malignant,Train,basal cell carcinoma
1741,./Skin cancer ISIC The International Skin Imaging Collaboration/Train/squamous cell carcinoma/ISIC_0026138.jpg,malignant,Train,squamous cell carcinoma
1742,./Skin cancer ISIC The International Skin Imaging Collaboration/Train/seborrheic keratosis/ISIC_0011040.jpg,benignant,Train,seborrheic keratosis
1743,./Skin cancer ISIC The International Skin Imaging Collaboration/Train/nevus/ISIC_0026702.jpg,benignant,Train,nevus
1744,./Skin cancer ISIC The International Skin Imaging Collaboration/Train/nevus/ISIC_0000096.jpg,benignant,Train,nevus
1745,./Skin cancer ISIC The International Skin Imaging Collaboration/Train/nevus/ISIC_0000509.jpg,benignant,Train,nevus
1746,./Skin cancer ISIC The International Skin Imaging Collaboration/Train/melanoma/ISIC_0001128.jpg,malignant,Train,melanoma
1747,./Skin cancer ISIC The International Skin Imaging Collaboration/Train/vascular lesion/ISIC_0032919.jpg,benignant,Train,vascular lesion
1748,./Skin cancer ISIC The International Skin Imaging Collaboration/Train/seborrheic keratosis/ISIC_0011052.jpg,benignant,Train,seborrheic keratosis
1749,./Skin cancer ISIC The International Skin Imaging Collaboration/Test/pigmented benign keratosis/ISIC_0024371.jpg,benignant,Test,pigmented benign keratosis
1750,./Skin cancer ISIC The International Skin Imaging Collaboration/Train/melanoma/ISIC_0010652.jpg,malignant,Train,melanoma
1751,./Skin cancer ISIC The International Skin Imaging Collaboration/Train/squamous cell carcinoma/ISIC_0029598.jpg,malignant,Train,squamous cell carcinoma
1752,./Skin cancer ISIC The International Skin Imaging Collaboration/Train/basal cell carcinoma/ISIC_0028316.jpg,malignant,Train,basal cell carcinoma
1753,./Skin cancer ISIC The International Skin Imaging Collaboration/Train/melanoma/ISIC_0010784.jpg,malignant,Train,melanoma
1754,./Skin cancer ISIC The International Skin Imaging Collaboration/Train/pigmented benign keratosis/ISIC_0024910.jpg,benignant,Train,pigmented benign keratosis
1755,./Skin cancer ISIC The International Skin Imaging Collaboration/Train/basal cell carcinoma/ISIC_0028084.jpg,malignant,Train,basal cell carcinoma
1756,./Skin cancer ISIC The International Skin Imaging Collaboration/Test/actinic keratosis/ISIC_0024470.jpg,malignant,Test,actinic keratosis
1757,./Skin cancer ISIC The International Skin Imaging Collaboration/Train/melanoma/ISIC_0000415.jpg,malignant,Train,melanoma
1758,./Skin cancer ISIC The International Skin Imaging Collaboration/Train/basal cell carcinoma/ISIC_0029391.jpg,malignant,Train,basal cell carcinoma
1759,./Skin cancer ISIC The International Skin Imaging Collaboration/Train/nevus/ISIC_0000327.jpg,benignant,Train,nevus
1760,./Skin cancer ISIC The International Skin Imaging Collaboration/Train/basal cell carcinoma/ISIC_0031378.jpg,malignant,Train,basal cell carcinoma
1761,./Skin cancer ISIC The International Skin Imaging Collaboration/Train/seborrheic keratosis/ISIC_0010810.jpg,benignant,Train,seborrheic keratosis
1762,./Skin cancer ISIC The International Skin Imaging Collaboration/Train/actinic keratosis/ISIC_0031381.jpg,malignant,Train,actinic keratosis
1763,./Skin cancer ISIC The International Skin Imaging Collaboration/Train/basal cell carcinoma/ISIC_0025509.jpg,malignant,Train,basal cell carcinoma
1764,./Skin cancer ISIC The International Skin Imaging Collaboration/Train/nevus/ISIC_0029025.jpg,benignant,Train,nevus
1765,./Skin cancer ISIC The International Skin Imaging Collaboration/Train/squamous cell carcinoma/ISIC_0031043.jpg,malignant,Train,squamous cell carcinoma
1766,./Skin cancer ISIC The International Skin Imaging Collaboration/Train/pigmented benign keratosis/ISIC_0027969.jpg,benignant,Train,pigmented benign keratosis
1767,./Skin cancer ISIC The International Skin Imaging Collaboration/Train/pigmented benign keratosis/ISIC_0024782.jpg,benignant,Train,pigmented benign keratosis
1768,./Skin cancer ISIC The International Skin Imaging Collaboration/Train/pigmented benign keratosis/ISIC_0027771.jpg,benignant,Train,pigmented benign keratosis
1769,./Skin cancer ISIC The International Skin Imaging Collaboration/Train/vascular lesion/ISIC_0032839.jpg,benignant,Train,vascular lesion
1770,./Skin cancer ISIC The International Skin Imaging Collaboration/Train/pigmented benign keratosis/ISIC_0025005.jpg,benignant,Train,pigmented benign keratosis
1771,./Skin cancer ISIC The International Skin Imaging Collaboration/Test/nevus/ISIC_0000018.jpg,benignant,Test,nevus
1772,./Skin cancer ISIC The International Skin Imaging Collaboration/Train/melanoma/ISIC_0000288.jpg,malignant,Train,melanoma
1773,./Skin cancer ISIC The International Skin Imaging Collaboration/Train/pigmented benign keratosis/ISIC_0025157.jpg,benignant,Train,pigmented benign keratosis
1774,./Skin cancer ISIC The International Skin Imaging Collaboration/Train/basal cell carcinoma/ISIC_0024743.jpg,malignant,Train,basal cell carcinoma
1775,./Skin cancer ISIC The International Skin Imaging Collaboration/Train/pigmented benign keratosis/ISIC_0026567.jpg,benignant,Train,pigmented benign keratosis
1776,./Skin cancer ISIC The International Skin Imaging Collaboration/Train/pigmented benign keratosis/ISIC_0027513.jpg,benignant,Train,pigmented benign keratosis
1777,./Skin cancer ISIC The International Skin Imaging Collaboration/Train/nevus/ISIC_0000057.jpg,benignant,Train,nevus
1778,./Skin cancer ISIC The International Skin Imaging Collaboration/Train/melanoma/ISIC_0001119.jpg,malignant,Train,melanoma
1779,./Skin cancer ISIC The International Skin Imaging Collaboration/Train/nevus/ISIC_0000373.jpg,benignant,Train,nevus
1780,./Skin cancer ISIC The International Skin Imaging Collaboration/Train/nevus/ISIC_0000443.jpg,benignant,Train,nevus
1781,./Skin cancer ISIC The International Skin Imaging Collaboration/Train/basal cell carcinoma/ISIC_0027595.jpg,malignant,Train,basal cell carcinoma
1782,./Skin cancer ISIC The International Skin Imaging Collaboration/Train/nevus/ISIC_0000508.jpg,benignant,Train,nevus
1783,./Skin cancer ISIC The International Skin Imaging Collaboration/Train/vascular lesion/ISIC_0026876.jpg,benignant,Train,vascular lesion
1784,./Skin cancer ISIC The International Skin Imaging Collaboration/Train/basal cell carcinoma/ISIC_0028964.jpg,malignant,Train,basal cell carcinoma
1785,./Skin cancer ISIC The International Skin Imaging Collaboration/Train/seborrheic keratosis/ISIC_0010977.jpg,benignant,Train,seborrheic keratosis
1786,./Skin cancer ISIC The International Skin Imaging Collaboration/Train/pigmented benign keratosis/ISIC_0025642.jpg,benignant,Train,pigmented benign keratosis
1787,./Skin cancer ISIC The International Skin Imaging Collaboration/Train/melanoma/ISIC_0001125.jpg,malignant,Train,melanoma
1788,./Skin cancer ISIC The International Skin Imaging Collaboration/Train/basal cell carcinoma/ISIC_0029847.jpg,malignant,Train,basal cell carcinoma
1789,./Skin cancer ISIC The International Skin Imaging Collaboration/Train/pigmented benign keratosis/ISIC_0026104.jpg,benignant,Train,pigmented benign keratosis
1790,./Skin cancer ISIC The International Skin Imaging Collaboration/Train/squamous cell carcinoma/ISIC_0032238.jpg,malignant,Train,squamous cell carcinoma
1791,./Skin cancer ISIC The International Skin Imaging Collaboration/Train/pigmented benign keratosis/ISIC_0026967.jpg,benignant,Train,pigmented benign keratosis
1792,./Skin cancer ISIC The International Skin Imaging Collaboration/Train/nevus/ISIC_0028517.jpg,benignant,Train,nevus
1793,./Skin cancer ISIC The International Skin Imaging Collaboration/Train/squamous cell carcinoma/ISIC_0029549.jpg,malignant,Train,squamous cell carcinoma
1794,./Skin cancer ISIC The International Skin Imaging Collaboration/Test/nevus/ISIC_0000015.jpg,benignant,Test,nevus
1795,./Skin cancer ISIC The International Skin Imaging Collaboration/Train/dermatofibroma/ISIC_0033860.jpg,benignant,Train,dermatofibroma
1796,./Skin cancer ISIC The International Skin Imaging Collaboration/Train/nevus/ISIC_0025368.jpg,benignant,Train,nevus
1797,./Skin cancer ISIC The International Skin Imaging Collaboration/Train/squamous cell carcinoma/ISIC_0028224.jpg,malignant,Train,squamous cell carcinoma
1798,./Skin cancer ISIC The International Skin Imaging Collaboration/Train/nevus/ISIC_0000542.jpg,benignant,Train,nevus
1799,./Skin cancer ISIC The International Skin Imaging Collaboration/Train/melanoma/ISIC_0010049.jpg,malignant,Train,melanoma
1800,./Skin cancer ISIC The International Skin Imaging Collaboration/Train/pigmented benign keratosis/ISIC_0025623.jpg,benignant,Train,pigmented benign keratosis
1801,./Skin cancer ISIC The International Skin Imaging Collaboration/Train/basal cell carcinoma/ISIC_0029919.jpg,malignant,Train,basal cell carcinoma
1802,./Skin cancer ISIC The International Skin Imaging Collaboration/Train/pigmented benign keratosis/ISIC_0025526.jpg,benignant,Train,pigmented benign keratosis
1803,./Skin cancer ISIC The International Skin Imaging Collaboration/Train/pigmented benign keratosis/ISIC_0024711.jpg,benignant,Train,pigmented benign keratosis
1804,./Skin cancer ISIC The International Skin Imaging Collaboration/Train/squamous cell carcinoma/ISIC_0030158.jpg,malignant,Train,squamous cell carcinoma
1805,./Skin cancer ISIC The International Skin Imaging Collaboration/Train/squamous cell carcinoma/ISIC_0025358.jpg,malignant,Train,squamous cell carcinoma
1806,./Skin cancer ISIC The International Skin Imaging Collaboration/Train/basal cell carcinoma/ISIC_0029524.jpg,malignant,Train,basal cell carcinoma
1807,./Skin cancer ISIC The International Skin Imaging Collaboration/Train/melanoma/ISIC_0001138.jpg,malignant,Train,melanoma
1808,./Skin cancer ISIC The International Skin Imaging Collaboration/Train/actinic keratosis/ISIC_0030825.jpg,malignant,Train,actinic keratosis
1809,./Skin cancer ISIC The International Skin Imaging Collaboration/Train/melanoma/ISIC_0010909.jpg,malignant,Train,melanoma
1810,./Skin cancer ISIC The International Skin Imaging Collaboration/Train/pigmented benign keratosis/ISIC_0025066.jpg,benignant,Train,pigmented benign keratosis
1811,./Skin cancer ISIC The International Skin Imaging Collaboration/Train/pigmented benign keratosis/ISIC_0025086.jpg,benignant,Train,pigmented benign keratosis
1812,./Skin cancer ISIC The International Skin Imaging Collaboration/Train/nevus/ISIC_0000055.jpg,benignant,Train,nevus
1813,./Skin cancer ISIC The International Skin Imaging Collaboration/Train/melanoma/ISIC_0011032.jpg,malignant,Train,melanoma
1814,./Skin cancer ISIC The International Skin Imaging Collaboration/Train/pigmented benign keratosis/ISIC_0024761.jpg,benignant,Train,pigmented benign keratosis
1815,./Skin cancer ISIC The International Skin Imaging Collaboration/Train/melanoma/ISIC_0010532.jpg,malignant,Train,melanoma
1816,./Skin cancer ISIC The International Skin Imaging Collaboration/Train/melanoma/ISIC_0010631.jpg,malignant,Train,melanoma
1817,./Skin cancer ISIC The International Skin Imaging Collaboration/Test/squamous cell carcinoma/ISIC_0024522.jpg,malignant,Test,squamous cell carcinoma
1818,./Skin cancer ISIC The International Skin Imaging Collaboration/Train/squamous cell carcinoma/ISIC_0027047.jpg,malignant,Train,squamous cell carcinoma
1819,./Skin cancer ISIC The International Skin Imaging Collaboration/Train/vascular lesion/ISIC_0027522.jpg,benignant,Train,vascular lesion
1820,./Skin cancer ISIC The International Skin Imaging Collaboration/Train/pigmented benign keratosis/ISIC_0028622.jpg,benignant,Train,pigmented benign keratosis
1821,./Skin cancer ISIC The International Skin Imaging Collaboration/Train/basal cell carcinoma/ISIC_0031569.jpg,malignant,Train,basal cell carcinoma
1822,./Skin cancer ISIC The International Skin Imaging Collaboration/Train/actinic keratosis/ISIC_0030242.jpg,malignant,Train,actinic keratosis
1823,./Skin cancer ISIC The International Skin Imaging Collaboration/Train/squamous cell carcinoma/ISIC_0028372.jpg,malignant,Train,squamous cell carcinoma
1824,./Skin cancer ISIC The International Skin Imaging Collaboration/Train/pigmented benign keratosis/ISIC_0025326.jpg,benignant,Train,pigmented benign keratosis
1825,./Skin cancer ISIC The International Skin Imaging Collaboration/Train/basal cell carcinoma/ISIC_0028973.jpg,malignant,Train,basal cell carcinoma
1826,./Skin cancer ISIC The International Skin Imaging Collaboration/Train/nevus/ISIC_0000361.jpg,benignant,Train,nevus
1827,./Skin cancer ISIC The International Skin Imaging Collaboration/Train/pigmented benign keratosis/ISIC_0025387.jpg,benignant,Train,pigmented benign keratosis
1828,./Skin cancer ISIC The International Skin Imaging Collaboration/Train/nevus/ISIC_0000318.jpg,benignant,Train,nevus
1829,./Skin cancer ISIC The International Skin Imaging Collaboration/Train/basal cell carcinoma/ISIC_0028155.jpg,malignant,Train,basal cell carcinoma
1830,./Skin cancer ISIC The International Skin Imaging Collaboration/Train/dermatofibroma/ISIC_0030665.jpg,benignant,Train,dermatofibroma
1831,./Skin cancer ISIC The International Skin Imaging Collaboration/Train/seborrheic keratosis/ISIC_0010995.jpg,benignant,Train,seborrheic keratosis
1832,./Skin cancer ISIC The International Skin Imaging Collaboration/Train/melanoma/ISIC_0010782.jpg,malignant,Train,melanoma
1833,./Skin cancer ISIC The International Skin Imaging Collaboration/Train/melanoma/ISIC_0010555.jpg,malignant,Train,melanoma
1834,./Skin cancer ISIC The International Skin Imaging Collaboration/Train/melanoma/ISIC_0010766.jpg,malignant,Train,melanoma
1835,./Skin cancer ISIC The International Skin Imaging Collaboration/Train/vascular lesion/ISIC_0027159.jpg,benignant,Train,vascular lesion
1836,./Skin cancer ISIC The International Skin Imaging Collaboration/Train/pigmented benign keratosis/ISIC_0027394.jpg,benignant,Train,pigmented benign keratosis
1837,./Skin cancer ISIC The International Skin Imaging Collaboration/Train/nevus/ISIC_0000316.jpg,benignant,Train,nevus
1838,./Skin cancer ISIC The International Skin Imaging Collaboration/Train/nevus/ISIC_0000052.jpg,benignant,Train,nevus
1839,./Skin cancer ISIC The International Skin Imaging Collaboration/Train/melanoma/ISIC_0010416.jpg,malignant,Train,melanoma
1840,./Skin cancer ISIC The International Skin Imaging Collaboration/Train/melanoma/ISIC_0000166.jpg,malignant,Train,melanoma
1841,./Skin cancer ISIC The International Skin Imaging Collaboration/Train/pigmented benign keratosis/ISIC_0026790.jpg,benignant,Train,pigmented benign keratosis
1842,./Skin cancer ISIC The International Skin Imaging Collaboration/Train/vascular lesion/ISIC_0030882.jpg,benignant,Train,vascular lesion
1843,./Skin cancer ISIC The International Skin Imaging Collaboration/Test/actinic keratosis/ISIC_0025605.jpg,malignant,Test,actinic keratosis
1844,./Skin cancer ISIC The International Skin Imaging Collaboration/Train/nevus/ISIC_0000325.jpg,benignant,Train,nevus
1845,./Skin cancer ISIC The International Skin Imaging Collaboration/Train/melanoma/ISIC_0000410.jpg,malignant,Train,melanoma
1846,./Skin cancer ISIC The International Skin Imaging Collaboration/Train/melanoma/ISIC_0000513.jpg,malignant,Train,melanoma
1847,./Skin cancer ISIC The International Skin Imaging Collaboration/Train/vascular lesion/ISIC_0025599.jpg,benignant,Train,vascular lesion
1848,./Skin cancer ISIC The International Skin Imaging Collaboration/Train/basal cell carcinoma/ISIC_0026668.jpg,malignant,Train,basal cell carcinoma
1849,./Skin cancer ISIC The International Skin Imaging Collaboration/Train/basal cell carcinoma/ISIC_0028989.jpg,malignant,Train,basal cell carcinoma
1850,./Skin cancer ISIC The International Skin Imaging Collaboration/Train/seborrheic keratosis/ISIC_0011099.jpg,benignant,Train,seborrheic keratosis
1851,./Skin cancer ISIC The International Skin Imaging Collaboration/Train/pigmented benign keratosis/ISIC_0027025.jpg,benignant,Train,pigmented benign keratosis
1852,./Skin cancer ISIC The International Skin Imaging Collaboration/Train/basal cell carcinoma/ISIC_0024590.jpg,malignant,Train,basal cell carcinoma
1853,./Skin cancer ISIC The International Skin Imaging Collaboration/Train/nevus/ISIC_0000348.jpg,benignant,Train,nevus
1854,./Skin cancer ISIC The International Skin Imaging Collaboration/Train/basal cell carcinoma/ISIC_0028122.jpg,malignant,Train,basal cell carcinoma
1855,./Skin cancer ISIC The International Skin Imaging Collaboration/Train/basal cell carcinoma/ISIC_0027117.jpg,malignant,Train,basal cell carcinoma
1856,./Skin cancer ISIC The International Skin Imaging Collaboration/Train/squamous cell carcinoma/ISIC_0031659.jpg,malignant,Train,squamous cell carcinoma
1857,./Skin cancer ISIC The International Skin Imaging Collaboration/Train/melanoma/ISIC_0010089.jpg,malignant,Train,melanoma
1858,./Skin cancer ISIC The International Skin Imaging Collaboration/Test/nevus/ISIC_0000016.jpg,benignant,Test,nevus
1859,./Skin cancer ISIC The International Skin Imaging Collaboration/Train/nevus/ISIC_0027447.jpg,benignant,Train,nevus
1860,./Skin cancer ISIC The International Skin Imaging Collaboration/Train/actinic keratosis/ISIC_0028941.jpg,malignant,Train,actinic keratosis
1861,./Skin cancer ISIC The International Skin Imaging Collaboration/Train/seborrheic keratosis/ISIC_0011056.jpg,benignant,Train,seborrheic keratosis
1862,./Skin cancer ISIC The International Skin Imaging Collaboration/Train/vascular lesion/ISIC_0027385.jpg,benignant,Train,vascular lesion
1863,./Skin cancer ISIC The International Skin Imaging Collaboration/Train/melanoma/ISIC_0010426.jpg,malignant,Train,melanoma
1864,./Skin cancer ISIC The International Skin Imaging Collaboration/Train/nevus/ISIC_0000419.jpg,benignant,Train,nevus
1865,./Skin cancer ISIC The International Skin Imaging Collaboration/Train/basal cell carcinoma/ISIC_0025513.jpg,malignant,Train,basal cell carcinoma
1866,./Skin cancer ISIC The International Skin Imaging Collaboration/Train/squamous cell carcinoma/ISIC_0029279.jpg,malignant,Train,squamous cell carcinoma
1867,./Skin cancer ISIC The International Skin Imaging Collaboration/Train/nevus/ISIC_0000377.jpg,benignant,Train,nevus
1868,./Skin cancer ISIC The International Skin Imaging Collaboration/Test/actinic keratosis/ISIC_0024646.jpg,malignant,Test,actinic keratosis
1869,./Skin cancer ISIC The International Skin Imaging Collaboration/Train/pigmented benign keratosis/ISIC_0028650.jpg,benignant,Train,pigmented benign keratosis
1870,./Skin cancer ISIC The International Skin Imaging Collaboration/Train/melanoma/ISIC_0010441.jpg,malignant,Train,melanoma
1871,./Skin cancer ISIC The International Skin Imaging Collaboration/Train/squamous cell carcinoma/ISIC_0027795.jpg,malignant,Train,squamous cell carcinoma
1872,./Skin cancer ISIC The International Skin Imaging Collaboration/Train/melanoma/ISIC_0001116.jpg,malignant,Train,melanoma
1873,./Skin cancer ISIC The International Skin Imaging Collaboration/Train/pigmented benign keratosis/ISIC_0028479.jpg,benignant,Train,pigmented benign keratosis
1874,./Skin cancer ISIC The International Skin Imaging Collaboration/Train/pigmented benign keratosis/ISIC_0026556.jpg,benignant,Train,pigmented benign keratosis
1875,./Skin cancer ISIC The International Skin Imaging Collaboration/Train/nevus/ISIC_0000062.jpg,benignant,Train,nevus
1876,./Skin cancer ISIC The International Skin Imaging Collaboration/Train/pigmented benign keratosis/ISIC_0025040.jpg,benignant,Train,pigmented benign keratosis
1877,./Skin cancer ISIC The International Skin Imaging Collaboration/Train/pigmented benign keratosis/ISIC_0024495.jpg,benignant,Train,pigmented benign keratosis
1878,./Skin cancer ISIC The International Skin Imaging Collaboration/Train/actinic keratosis/ISIC_0027334.jpg,malignant,Train,actinic keratosis
1879,./Skin cancer ISIC The International Skin Imaging Collaboration/Train/pigmented benign keratosis/ISIC_0025819.jpg,benignant,Train,pigmented benign keratosis
1880,./Skin cancer ISIC The International Skin Imaging Collaboration/Train/squamous cell carcinoma/ISIC_0025331.jpg,malignant,Train,squamous cell carcinoma
1881,./Skin cancer ISIC The International Skin Imaging Collaboration/Train/nevus/ISIC_0000351.jpg,benignant,Train,nevus
1882,./Skin cancer ISIC The International Skin Imaging Collaboration/Test/basal cell carcinoma/ISIC_0024472.jpg,malignant,Test,basal cell carcinoma
1883,./Skin cancer ISIC The International Skin Imaging Collaboration/Train/basal cell carcinoma/ISIC_0027004.jpg,malignant,Train,basal cell carcinoma
1884,./Skin cancer ISIC The International Skin Imaging Collaboration/Train/basal cell carcinoma/ISIC_0024829.jpg,malignant,Train,basal cell carcinoma
1885,./Skin cancer ISIC The International Skin Imaging Collaboration/Train/basal cell carcinoma/ISIC_0025285.jpg,malignant,Train,basal cell carcinoma
1886,./Skin cancer ISIC The International Skin Imaging Collaboration/Train/vascular lesion/ISIC_0031093.jpg,benignant,Train,vascular lesion
1887,./Skin cancer ISIC The International Skin Imaging Collaboration/Train/pigmented benign keratosis/ISIC_0028331.jpg,benignant,Train,pigmented benign keratosis
1888,./Skin cancer ISIC The International Skin Imaging Collaboration/Train/melanoma/ISIC_0001152.jpg,malignant,Train,melanoma
1889,./Skin cancer ISIC The International Skin Imaging Collaboration/Train/basal cell carcinoma/ISIC_0027525.jpg,malignant,Train,basal cell carcinoma
1890,./Skin cancer ISIC The International Skin Imaging Collaboration/Train/basal cell carcinoma/ISIC_0027090.jpg,malignant,Train,basal cell carcinoma
1891,./Skin cancer ISIC The International Skin Imaging Collaboration/Train/nevus/ISIC_0000082.jpg,benignant,Train,nevus
1892,./Skin cancer ISIC The International Skin Imaging Collaboration/Train/vascular lesion/ISIC_0032932.jpg,benignant,Train,vascular lesion
1893,./Skin cancer ISIC The International Skin Imaging Collaboration/Train/nevus/ISIC_0000389.jpg,benignant,Train,nevus
1894,./Skin cancer ISIC The International Skin Imaging Collaboration/Train/melanoma/ISIC_0010799.jpg,malignant,Train,melanoma
1895,./Skin cancer ISIC The International Skin Imaging Collaboration/Train/actinic keratosis/ISIC_0031292.jpg,malignant,Train,actinic keratosis
1896,./Skin cancer ISIC The International Skin Imaging Collaboration/Train/melanoma/ISIC_0001137.jpg,malignant,Train,melanoma
1897,./Skin cancer ISIC The International Skin Imaging Collaboration/Train/melanoma/ISIC_0011139.jpg,malignant,Train,melanoma
1898,./Skin cancer ISIC The International Skin Imaging Collaboration/Train/melanoma/ISIC_0010231.jpg,malignant,Train,melanoma
1899,./Skin cancer ISIC The International Skin Imaging Collaboration/Train/basal cell carcinoma/ISIC_0025019.jpg,malignant,Train,basal cell carcinoma
1900,./Skin cancer ISIC The International Skin Imaging Collaboration/Train/nevus/ISIC_0000039.jpg,benignant,Train,nevus
1901,./Skin cancer ISIC The International Skin Imaging Collaboration/Test/pigmented benign keratosis/ISIC_0024324.jpg,benignant,Test,pigmented benign keratosis
1902,./Skin cancer ISIC The International Skin Imaging Collaboration/Train/squamous cell carcinoma/ISIC_0029811.jpg,malignant,Train,squamous cell carcinoma
1903,./Skin cancer ISIC The International Skin Imaging Collaboration/Train/pigmented benign keratosis/ISIC_0028258.jpg,benignant,Train,pigmented benign keratosis
1904,./Skin cancer ISIC The International Skin Imaging Collaboration/Train/basal cell carcinoma/ISIC_0026593.jpg,malignant,Train,basal cell carcinoma
1905,./Skin cancer ISIC The International Skin Imaging Collaboration/Train/basal cell carcinoma/ISIC_0026074.jpg,malignant,Train,basal cell carcinoma
1906,./Skin cancer ISIC The International Skin Imaging Collaboration/Test/nevus/ISIC_0000011.jpg,benignant,Test,nevus
1907,./Skin cancer ISIC The International Skin Imaging Collaboration/Train/pigmented benign keratosis/ISIC_0027295.jpg,benignant,Train,pigmented benign keratosis
1908,./Skin cancer ISIC The International Skin Imaging Collaboration/Train/basal cell carcinoma/ISIC_0031122.jpg,malignant,Train,basal cell carcinoma
1909,./Skin cancer ISIC The International Skin Imaging Collaboration/Train/squamous cell carcinoma/ISIC_0029638.jpg,malignant,Train,squamous cell carcinoma
1910,./Skin cancer ISIC The International Skin Imaging Collaboration/Train/actinic keratosis/ISIC_0026171.jpg,malignant,Train,actinic keratosis
1911,./Skin cancer ISIC The International Skin Imaging Collaboration/Test/pigmented benign keratosis/ISIC_0024383.jpg,benignant,Test,pigmented benign keratosis
1912,./Skin cancer ISIC The International Skin Imaging Collaboration/Train/nevus/ISIC_0000064.jpg,benignant,Train,nevus
1913,./Skin cancer ISIC The International Skin Imaging Collaboration/Train/squamous cell carcinoma/ISIC_0030375.jpg,malignant,Train,squamous cell carcinoma
1914,./Skin cancer ISIC The International Skin Imaging Collaboration/Train/nevus/ISIC_0000458.jpg,benignant,Train,nevus
1915,./Skin cancer ISIC The International Skin Imaging Collaboration/Train/basal cell carcinoma/ISIC_0026091.jpg,malignant,Train,basal cell carcinoma
1916,./Skin cancer ISIC The International Skin Imaging Collaboration/Train/melanoma/ISIC_0000147.jpg,malignant,Train,melanoma
1917,./Skin cancer ISIC The International Skin Imaging Collaboration/Train/pigmented benign keratosis/ISIC_0028201.jpg,benignant,Train,pigmented benign keratosis
1918,./Skin cancer ISIC The International Skin Imaging Collaboration/Train/dermatofibroma/ISIC_0031429.jpg,benignant,Train,dermatofibroma
1919,./Skin cancer ISIC The International Skin Imaging Collaboration/Train/nevus/ISIC_0025780.jpg,benignant,Train,nevus
1920,./Skin cancer ISIC The International Skin Imaging Collaboration/Test/nevus/ISIC_0000012.jpg,benignant,Test,nevus
1921,./Skin cancer ISIC The International Skin Imaging Collaboration/Train/basal cell carcinoma/ISIC_0025266.jpg,malignant,Train,basal cell carcinoma
1922,./Skin cancer ISIC The International Skin Imaging Collaboration/Train/pigmented benign keratosis/ISIC_0026263.jpg,benignant,Train,pigmented benign keratosis
1923,./Skin cancer ISIC The International Skin Imaging Collaboration/Train/nevus/ISIC_0000334.jpg,benignant,Train,nevus
1924,./Skin cancer ISIC The International Skin Imaging Collaboration/Test/actinic keratosis/ISIC_0010512.jpg,malignant,Test,actinic keratosis
1925,./Skin cancer ISIC The International Skin Imaging Collaboration/Train/pigmented benign keratosis/ISIC_0026070.jpg,benignant,Train,pigmented benign keratosis
1926,./Skin cancer ISIC The International Skin Imaging Collaboration/Train/melanoma/ISIC_0000308.jpg,malignant,Train,melanoma
1927,./Skin cancer ISIC The International Skin Imaging Collaboration/Train/pigmented benign keratosis/ISIC_0025703.jpg,benignant,Train,pigmented benign keratosis
1928,./Skin cancer ISIC The International Skin Imaging Collaboration/Train/melanoma/ISIC_0011031.jpg,malignant,Train,melanoma
1929,./Skin cancer ISIC The International Skin Imaging Collaboration/Train/pigmented benign keratosis/ISIC_0026524.jpg,benignant,Train,pigmented benign keratosis
1930,./Skin cancer ISIC The International Skin Imaging Collaboration/Train/basal cell carcinoma/ISIC_0029342.jpg,malignant,Train,basal cell carcinoma
1931,./Skin cancer ISIC The International Skin Imaging Collaboration/Train/melanoma/ISIC_0000141.jpg,malignant,Train,melanoma
1932,./Skin cancer ISIC The International Skin Imaging Collaboration/Train/dermatofibroma/ISIC_0029783.jpg,benignant,Train,dermatofibroma
1933,./Skin cancer ISIC The International Skin Imaging Collaboration/Train/actinic keratosis/ISIC_0025953.jpg,malignant,Train,actinic keratosis
1934,./Skin cancer ISIC The International Skin Imaging Collaboration/Train/pigmented benign keratosis/ISIC_0025810.jpg,benignant,Train,pigmented benign keratosis
1935,./Skin cancer ISIC The International Skin Imaging Collaboration/Train/pigmented benign keratosis/ISIC_0027437.jpg,benignant,Train,pigmented benign keratosis
1936,./Skin cancer ISIC The International Skin Imaging Collaboration/Train/basal cell carcinoma/ISIC_0029323.jpg,malignant,Train,basal cell carcinoma
1937,./Skin cancer ISIC The International Skin Imaging Collaboration/Train/pigmented benign keratosis/ISIC_0027392.jpg,benignant,Train,pigmented benign keratosis
1938,./Skin cancer ISIC The International Skin Imaging Collaboration/Train/pigmented benign keratosis/ISIC_0026623.jpg,benignant,Train,pigmented benign keratosis
1939,./Skin cancer ISIC The International Skin Imaging Collaboration/Train/nevus/ISIC_0000243.jpg,benignant,Train,nevus
1940,./Skin cancer ISIC The International Skin Imaging Collaboration/Train/pigmented benign keratosis/ISIC_0027094.jpg,benignant,Train,pigmented benign keratosis
1941,./Skin cancer ISIC The International Skin Imaging Collaboration/Train/basal cell carcinoma/ISIC_0027058.jpg,malignant,Train,basal cell carcinoma
1942,./Skin cancer ISIC The International Skin Imaging Collaboration/Train/pigmented benign keratosis/ISIC_0028404.jpg,benignant,Train,pigmented benign keratosis
1943,./Skin cancer ISIC The International Skin Imaging Collaboration/Test/actinic keratosis/ISIC_0024654.jpg,malignant,Test,actinic keratosis
1944,./Skin cancer ISIC The International Skin Imaging Collaboration/Train/melanoma/ISIC_0000549.jpg,malignant,Train,melanoma
1945,./Skin cancer ISIC The International Skin Imaging Collaboration/Train/pigmented benign keratosis/ISIC_0025548.jpg,benignant,Train,pigmented benign keratosis
1946,./Skin cancer ISIC The International Skin Imaging Collaboration/Train/pigmented benign keratosis/ISIC_0025874.jpg,benignant,Train,pigmented benign keratosis
1947,./Skin cancer ISIC The International Skin Imaging Collaboration/Train/pigmented benign keratosis/ISIC_0025374.jpg,benignant,Train,pigmented benign keratosis
1948,./Skin cancer ISIC The International Skin Imaging Collaboration/Train/basal cell carcinoma/ISIC_0026343.jpg,malignant,Train,basal cell carcinoma
1949,./Skin cancer ISIC The International Skin Imaging Collaboration/Train/melanoma/ISIC_0010982.jpg,malignant,Train,melanoma
1950,./Skin cancer ISIC The International Skin Imaging Collaboration/Train/pigmented benign keratosis/ISIC_0026446.jpg,benignant,Train,pigmented benign keratosis
1951,./Skin cancer ISIC The International Skin Imaging Collaboration/Train/nevus/ISIC_0000457.jpg,benignant,Train,nevus
1952,./Skin cancer ISIC The International Skin Imaging Collaboration/Train/actinic keratosis/ISIC_0031993.jpg,malignant,Train,actinic keratosis
1953,./Skin cancer ISIC The International Skin Imaging Collaboration/Train/dermatofibroma/ISIC_0026473.jpg,benignant,Train,dermatofibroma
1954,./Skin cancer ISIC The International Skin Imaging Collaboration/Train/pigmented benign keratosis/ISIC_0026530.jpg,benignant,Train,pigmented benign keratosis
1955,./Skin cancer ISIC The International Skin Imaging Collaboration/Train/squamous cell carcinoma/ISIC_0031692.jpg,malignant,Train,squamous cell carcinoma
1956,./Skin cancer ISIC The International Skin Imaging Collaboration/Train/actinic keratosis/ISIC_0027650.jpg,malignant,Train,actinic keratosis
1957,./Skin cancer ISIC The International Skin Imaging Collaboration/Train/nevus/ISIC_0000453.jpg,benignant,Train,nevus
1958,./Skin cancer ISIC The International Skin Imaging Collaboration/Train/basal cell carcinoma/ISIC_0029053.jpg,malignant,Train,basal cell carcinoma
1959,./Skin cancer ISIC The International Skin Imaging Collaboration/Test/actinic keratosis/ISIC_0024707.jpg,malignant,Test,actinic keratosis
1960,./Skin cancer ISIC The International Skin Imaging Collaboration/Train/melanoma/ISIC_0000161.jpg,malignant,Train,melanoma
1961,./Skin cancer ISIC The International Skin Imaging Collaboration/Train/nevus/ISIC_0000095.jpg,benignant,Train,nevus
1962,./Skin cancer ISIC The International Skin Imaging Collaboration/Train/seborrheic keratosis/ISIC_0010860.jpg,benignant,Train,seborrheic keratosis
1963,./Skin cancer ISIC The International Skin Imaging Collaboration/Train/nevus/ISIC_0000376.jpg,benignant,Train,nevus
1964,./Skin cancer ISIC The International Skin Imaging Collaboration/Train/squamous cell carcinoma/ISIC_0025577.jpg,malignant,Train,squamous cell carcinoma
1965,./Skin cancer ISIC The International Skin Imaging Collaboration/Train/melanoma/ISIC_0010162.jpg,malignant,Train,melanoma
1966,./Skin cancer ISIC The International Skin Imaging Collaboration/Train/squamous cell carcinoma/ISIC_0032397.jpg,malignant,Train,squamous cell carcinoma
1967,./Skin cancer ISIC The International Skin Imaging Collaboration/Train/vascular lesion/ISIC_0027672.jpg,benignant,Train,vascular lesion
1968,./Skin cancer ISIC The International Skin Imaging Collaboration/Train/pigmented benign keratosis/ISIC_0025915.jpg,benignant,Train,pigmented benign keratosis
1969,./Skin cancer ISIC The International Skin Imaging Collaboration/Train/melanoma/ISIC_0000295.jpg,malignant,Train,melanoma
1970,./Skin cancer ISIC The International Skin Imaging Collaboration/Train/squamous cell carcinoma/ISIC_0030794.jpg,malignant,Train,squamous cell carcinoma
1971,./Skin cancer ISIC The International Skin Imaging Collaboration/Train/basal cell carcinoma/ISIC_0030746.jpg,malignant,Train,basal cell carcinoma
1972,./Skin cancer ISIC The International Skin Imaging Collaboration/Train/squamous cell carcinoma/ISIC_0030986.jpg,malignant,Train,squamous cell carcinoma
1973,./Skin cancer ISIC The International Skin Imaging Collaboration/Train/basal cell carcinoma/ISIC_0029466.jpg,malignant,Train,basal cell carcinoma
1974,./Skin cancer ISIC The International Skin Imaging Collaboration/Test/actinic keratosis/ISIC_0024948.jpg,malignant,Test,actinic keratosis
1975,./Skin cancer ISIC The International Skin Imaging Collaboration/Train/actinic keratosis/ISIC_0026857.jpg,malignant,Train,actinic keratosis
1976,./Skin cancer ISIC The International Skin Imaging Collaboration/Train/melanoma/ISIC_0010754.jpg,malignant,Train,melanoma
1977,./Skin cancer ISIC The International Skin Imaging Collaboration/Train/squamous cell carcinoma/ISIC_0029362.jpg,malignant,Train,squamous cell carcinoma
1978,./Skin cancer ISIC The International Skin Imaging Collaboration/Train/pigmented benign keratosis/ISIC_0025113.jpg,benignant,Train,pigmented benign keratosis
1979,./Skin cancer ISIC The International Skin Imaging Collaboration/Train/melanoma/ISIC_0010391.jpg,malignant,Train,melanoma
1980,./Skin cancer ISIC The International Skin Imaging Collaboration/Train/nevus/ISIC_0000226.jpg,benignant,Train,nevus
1981,./Skin cancer ISIC The International Skin Imaging Collaboration/Train/basal cell carcinoma/ISIC_0027629.jpg,malignant,Train,basal cell carcinoma
1982,./Skin cancer ISIC The International Skin Imaging Collaboration/Train/melanoma/ISIC_0010295.jpg,malignant,Train,melanoma
1983,./Skin cancer ISIC The International Skin Imaging Collaboration/Train/dermatofibroma/ISIC_0030870.jpg,benignant,Train,dermatofibroma
1984,./Skin cancer ISIC The International Skin Imaging Collaboration/Train/vascular lesion/ISIC_0027269.jpg,benignant,Train,vascular lesion
1985,./Skin cancer ISIC The International Skin Imaging Collaboration/Train/melanoma/ISIC_0010576.jpg,malignant,Train,melanoma
1986,./Skin cancer ISIC The International Skin Imaging Collaboration/Train/nevus/ISIC_0000362.jpg,benignant,Train,nevus
1987,./Skin cancer ISIC The International Skin Imaging Collaboration/Train/basal cell carcinoma/ISIC_0027814.jpg,malignant,Train,basal cell carcinoma
1988,./Skin cancer ISIC The International Skin Imaging Collaboration/Train/pigmented benign keratosis/ISIC_0026301.jpg,benignant,Train,pigmented benign keratosis
1989,./Skin cancer ISIC The International Skin Imaging Collaboration/Train/pigmented benign keratosis/ISIC_0025470.jpg,benignant,Train,pigmented benign keratosis
1990,./Skin cancer ISIC The International Skin Imaging Collaboration/Train/melanoma/ISIC_0010486.jpg,malignant,Train,melanoma
1991,./Skin cancer ISIC The International Skin Imaging Collaboration/Train/basal cell carcinoma/ISIC_0027425.jpg,malignant,Train,basal cell carcinoma
1992,./Skin cancer ISIC The International Skin Imaging Collaboration/Train/actinic keratosis/ISIC_0030344.jpg,malignant,Train,actinic keratosis
1993,./Skin cancer ISIC The International Skin Imaging Collaboration/Train/squamous cell carcinoma/ISIC_0026319.jpg,malignant,Train,squamous cell carcinoma
1994,./Skin cancer ISIC The International Skin Imaging Collaboration/Train/dermatofibroma/ISIC_0031735.jpg,benignant,Train,dermatofibroma
1995,./Skin cancer ISIC The International Skin Imaging Collaboration/Train/pigmented benign keratosis/ISIC_0025693.jpg,benignant,Train,pigmented benign keratosis
1996,./Skin cancer ISIC The International Skin Imaging Collaboration/Train/melanoma/ISIC_0000548.jpg,malignant,Train,melanoma
1997,./Skin cancer ISIC The International Skin Imaging Collaboration/Train/dermatofibroma/ISIC_0027107.jpg,benignant,Train,dermatofibroma
1998,./Skin cancer ISIC The International Skin Imaging Collaboration/Train/pigmented benign keratosis/ISIC_0024909.jpg,benignant,Train,pigmented benign keratosis
1999,./Skin cancer ISIC The International Skin Imaging Collaboration/Train/melanoma/ISIC_0000155.jpg,malignant,Train,melanoma
2000,./Skin cancer ISIC The International Skin Imaging Collaboration/Train/dermatofibroma/ISIC_0025594.jpg,benignant,Train,dermatofibroma
2001,./Skin cancer ISIC The International Skin Imaging Collaboration/Train/pigmented benign keratosis/ISIC_0026277.jpg,benignant,Train,pigmented benign keratosis
2002,./Skin cancer ISIC The International Skin Imaging Collaboration/Train/pigmented benign keratosis/ISIC_0024547.jpg,benignant,Train,pigmented benign keratosis
2003,./Skin cancer ISIC The International Skin Imaging Collaboration/Train/pigmented benign keratosis/ISIC_0024982.jpg,benignant,Train,pigmented benign keratosis
2004,./Skin cancer ISIC The International Skin Imaging Collaboration/Train/basal cell carcinoma/ISIC_0028197.jpg,malignant,Train,basal cell carcinoma
2005,./Skin cancer ISIC The International Skin Imaging Collaboration/Train/melanoma/ISIC_0010217.jpg,malignant,Train,melanoma
2006,./Skin cancer ISIC The International Skin Imaging Collaboration/Train/melanoma/ISIC_0000406.jpg,malignant,Train,melanoma
2007,./Skin cancer ISIC The International Skin Imaging Collaboration/Train/actinic keratosis/ISIC_0026905.jpg,malignant,Train,actinic keratosis
2008,./Skin cancer ISIC The International Skin Imaging Collaboration/Train/nevus/ISIC_0000038.jpg,benignant,Train,nevus
2009,./Skin cancer ISIC The International Skin Imaging Collaboration/Train/nevus/ISIC_0000263.jpg,benignant,Train,nevus
2010,./Skin cancer ISIC The International Skin Imaging Collaboration/Train/squamous cell carcinoma/ISIC_0025130.jpg,malignant,Train,squamous cell carcinoma
2011,./Skin cancer ISIC The International Skin Imaging Collaboration/Train/pigmented benign keratosis/ISIC_0027612.jpg,benignant,Train,pigmented benign keratosis
2012,./Skin cancer ISIC The International Skin Imaging Collaboration/Train/basal cell carcinoma/ISIC_0026324.jpg,malignant,Train,basal cell carcinoma
2013,./Skin cancer ISIC The International Skin Imaging Collaboration/Train/basal cell carcinoma/ISIC_0029082.jpg,malignant,Train,basal cell carcinoma
2014,./Skin cancer ISIC The International Skin Imaging Collaboration/Train/nevus/ISIC_0000363.jpg,benignant,Train,nevus
2015,./Skin cancer ISIC The International Skin Imaging Collaboration/Train/dermatofibroma/ISIC_0028790.jpg,benignant,Train,dermatofibroma
2016,./Skin cancer ISIC The International Skin Imaging Collaboration/Train/melanoma/ISIC_0011057.jpg,malignant,Train,melanoma
2017,./Skin cancer ISIC The International Skin Imaging Collaboration/Train/pigmented benign keratosis/ISIC_0024494.jpg,benignant,Train,pigmented benign keratosis
2018,./Skin cancer ISIC The International Skin Imaging Collaboration/Train/pigmented benign keratosis/ISIC_0024592.jpg,benignant,Train,pigmented benign keratosis
2019,./Skin cancer ISIC The International Skin Imaging Collaboration/Train/melanoma/ISIC_0000533.jpg,malignant,Train,melanoma
2020,./Skin cancer ISIC The International Skin Imaging Collaboration/Train/basal cell carcinoma/ISIC_0030094.jpg,malignant,Train,basal cell carcinoma
2021,./Skin cancer ISIC The International Skin Imaging Collaboration/Train/basal cell carcinoma/ISIC_0031272.jpg,malignant,Train,basal cell carcinoma
2022,./Skin cancer ISIC The International Skin Imaging Collaboration/Train/pigmented benign keratosis/ISIC_0028587.jpg,benignant,Train,pigmented benign keratosis
2023,./Skin cancer ISIC The International Skin Imaging Collaboration/Train/nevus/ISIC_0000544.jpg,benignant,Train,nevus
2024,./Skin cancer ISIC The International Skin Imaging Collaboration/Train/basal cell carcinoma/ISIC_0027038.jpg,malignant,Train,basal cell carcinoma
2025,./Skin cancer ISIC The International Skin Imaging Collaboration/Train/melanoma/ISIC_0001157.jpg,malignant,Train,melanoma
2026,./Skin cancer ISIC The International Skin Imaging Collaboration/Train/basal cell carcinoma/ISIC_0025940.jpg,malignant,Train,basal cell carcinoma
2027,./Skin cancer ISIC The International Skin Imaging Collaboration/Train/nevus/ISIC_0000370.jpg,benignant,Train,nevus
2028,./Skin cancer ISIC The International Skin Imaging Collaboration/Train/basal cell carcinoma/ISIC_0030868.jpg,malignant,Train,basal cell carcinoma
2029,./Skin cancer ISIC The International Skin Imaging Collaboration/Train/nevus/ISIC_0000379.jpg,benignant,Train,nevus
2030,./Skin cancer ISIC The International Skin Imaging Collaboration/Train/basal cell carcinoma/ISIC_0031236.jpg,malignant,Train,basal cell carcinoma
2031,./Skin cancer ISIC The International Skin Imaging Collaboration/Train/basal cell carcinoma/ISIC_0031531.jpg,malignant,Train,basal cell carcinoma
2032,./Skin cancer ISIC The International Skin Imaging Collaboration/Train/melanoma/ISIC_0009992.jpg,malignant,Train,melanoma
2033,./Skin cancer ISIC The International Skin Imaging Collaboration/Train/basal cell carcinoma/ISIC_0031400.jpg,malignant,Train,basal cell carcinoma
2034,./Skin cancer ISIC The International Skin Imaging Collaboration/Train/nevus/ISIC_0026984.jpg,benignant,Train,nevus
2035,./Skin cancer ISIC The International Skin Imaging Collaboration/Train/pigmented benign keratosis/ISIC_0026539.jpg,benignant,Train,pigmented benign keratosis
2036,./Skin cancer ISIC The International Skin Imaging Collaboration/Train/basal cell carcinoma/ISIC_0028747.jpg,malignant,Train,basal cell carcinoma
2037,./Skin cancer ISIC The International Skin Imaging Collaboration/Train/squamous cell carcinoma/ISIC_0028381.jpg,malignant,Train,squamous cell carcinoma
2038,./Skin cancer ISIC The International Skin Imaging Collaboration/Train/pigmented benign keratosis/ISIC_0026923.jpg,benignant,Train,pigmented benign keratosis
2039,./Skin cancer ISIC The International Skin Imaging Collaboration/Train/pigmented benign keratosis/ISIC_0025131.jpg,benignant,Train,pigmented benign keratosis
2040,./Skin cancer ISIC The International Skin Imaging Collaboration/Train/melanoma/ISIC_0010750.jpg,malignant,Train,melanoma
2041,./Skin cancer ISIC The International Skin Imaging Collaboration/Train/squamous cell carcinoma/ISIC_0029860.jpg,malignant,Train,squamous cell carcinoma
2042,./Skin cancer ISIC The International Skin Imaging Collaboration/Train/pigmented benign keratosis/ISIC_0024643.jpg,benignant,Train,pigmented benign keratosis
2043,./Skin cancer ISIC The International Skin Imaging Collaboration/Train/nevus/ISIC_0000495.jpg,benignant,Train,nevus
2044,./Skin cancer ISIC The International Skin Imaging Collaboration/Test/vascular lesion/ISIC_0024370.jpg,benignant,Test,vascular lesion
2045,./Skin cancer ISIC The International Skin Imaging Collaboration/Train/nevus/ISIC_0000528.jpg,benignant,Train,nevus
2046,./Skin cancer ISIC The International Skin Imaging Collaboration/Train/nevus/ISIC_0000065.jpg,benignant,Train,nevus
2047,./Skin cancer ISIC The International Skin Imaging Collaboration/Train/melanoma/ISIC_0000402.jpg,malignant,Train,melanoma
2048,./Skin cancer ISIC The International Skin Imaging Collaboration/Train/actinic keratosis/ISIC_0031040.jpg,malignant,Train,actinic keratosis
2049,./Skin cancer ISIC The International Skin Imaging Collaboration/Train/pigmented benign keratosis/ISIC_0025777.jpg,benignant,Train,pigmented benign keratosis
2050,./Skin cancer ISIC The International Skin Imaging Collaboration/Train/melanoma/ISIC_0000304.jpg,malignant,Train,melanoma
2051,./Skin cancer ISIC The International Skin Imaging Collaboration/Train/melanoma/ISIC_0000531.jpg,malignant,Train,melanoma
2052,./Skin cancer ISIC The International Skin Imaging Collaboration/Train/vascular lesion/ISIC_0031901.jpg,benignant,Train,vascular lesion
2053,./Skin cancer ISIC The International Skin Imaging Collaboration/Train/basal cell carcinoma/ISIC_0025601.jpg,malignant,Train,basal cell carcinoma
2054,./Skin cancer ISIC The International Skin Imaging Collaboration/Train/nevus/ISIC_0000498.jpg,benignant,Train,nevus
2055,./Skin cancer ISIC The International Skin Imaging Collaboration/Train/melanoma/ISIC_0011187.jpg,malignant,Train,melanoma
2056,./Skin cancer ISIC The International Skin Imaging Collaboration/Train/basal cell carcinoma/ISIC_0029602.jpg,malignant,Train,basal cell carcinoma
2057,./Skin cancer ISIC The International Skin Imaging Collaboration/Train/vascular lesion/ISIC_0033991.jpg,benignant,Train,vascular lesion
2058,./Skin cancer ISIC The International Skin Imaging Collaboration/Train/squamous cell carcinoma/ISIC_0031743.jpg,malignant,Train,squamous cell carcinoma
2059,./Skin cancer ISIC The International Skin Imaging Collaboration/Train/actinic keratosis/ISIC_0030655.jpg,malignant,Train,actinic keratosis
2060,./Skin cancer ISIC The International Skin Imaging Collaboration/Train/melanoma/ISIC_0000143.jpg,malignant,Train,melanoma
2061,./Skin cancer ISIC The International Skin Imaging Collaboration/Train/nevus/ISIC_0000235.jpg,benignant,Train,nevus
2062,./Skin cancer ISIC The International Skin Imaging Collaboration/Train/pigmented benign keratosis/ISIC_0027820.jpg,benignant,Train,pigmented benign keratosis
2063,./Skin cancer ISIC The International Skin Imaging Collaboration/Train/basal cell carcinoma/ISIC_0025971.jpg,malignant,Train,basal cell carcinoma
2064,./Skin cancer ISIC The International Skin Imaging Collaboration/Train/nevus/ISIC_0025427.jpg,benignant,Train,nevus
2065,./Skin cancer ISIC The International Skin Imaging Collaboration/Train/nevus/ISIC_0026468.jpg,benignant,Train,nevus
2066,./Skin cancer ISIC The International Skin Imaging Collaboration/Train/pigmented benign keratosis/ISIC_0028200.jpg,benignant,Train,pigmented benign keratosis
2067,./Skin cancer ISIC The International Skin Imaging Collaboration/Train/melanoma/ISIC_0010054.jpg,malignant,Train,melanoma
2068,./Skin cancer ISIC The International Skin Imaging Collaboration/Train/melanoma/ISIC_0010024.jpg,malignant,Train,melanoma
2069,./Skin cancer ISIC The International Skin Imaging Collaboration/Train/pigmented benign keratosis/ISIC_0025867.jpg,benignant,Train,pigmented benign keratosis
2070,./Skin cancer ISIC The International Skin Imaging Collaboration/Train/nevus/ISIC_0000346.jpg,benignant,Train,nevus
2071,./Skin cancer ISIC The International Skin Imaging Collaboration/Train/basal cell carcinoma/ISIC_0030335.jpg,malignant,Train,basal cell carcinoma
2072,./Skin cancer ISIC The International Skin Imaging Collaboration/Train/actinic keratosis/ISIC_0027896.jpg,malignant,Train,actinic keratosis
2073,./Skin cancer ISIC The International Skin Imaging Collaboration/Train/seborrheic keratosis/ISIC_0010942.jpg,benignant,Train,seborrheic keratosis
2074,./Skin cancer ISIC The International Skin Imaging Collaboration/Train/basal cell carcinoma/ISIC_0026528.jpg,malignant,Train,basal cell carcinoma
2075,./Skin cancer ISIC The International Skin Imaging Collaboration/Train/squamous cell carcinoma/ISIC_0027506.jpg,malignant,Train,squamous cell carcinoma
2076,./Skin cancer ISIC The International Skin Imaging Collaboration/Train/melanoma/ISIC_0010165.jpg,malignant,Train,melanoma
2077,./Skin cancer ISIC The International Skin Imaging Collaboration/Test/dermatofibroma/ISIC_0024973.jpg,benignant,Test,dermatofibroma
2078,./Skin cancer ISIC The International Skin Imaging Collaboration/Train/seborrheic keratosis/ISIC_0011094.jpg,benignant,Train,seborrheic keratosis
2079,./Skin cancer ISIC The International Skin Imaging Collaboration/Train/squamous cell carcinoma/ISIC_0025790.jpg,malignant,Train,squamous cell carcinoma
2080,./Skin cancer ISIC The International Skin Imaging Collaboration/Train/pigmented benign keratosis/ISIC_0024947.jpg,benignant,Train,pigmented benign keratosis
2081,./Skin cancer ISIC The International Skin Imaging Collaboration/Train/actinic keratosis/ISIC_0033413.jpg,malignant,Train,actinic keratosis
2082,./Skin cancer ISIC The International Skin Imaging Collaboration/Train/squamous cell carcinoma/ISIC_0027303.jpg,malignant,Train,squamous cell carcinoma
2083,./Skin cancer ISIC The International Skin Imaging Collaboration/Train/melanoma/ISIC_0010629.jpg,malignant,Train,melanoma
2084,./Skin cancer ISIC The International Skin Imaging Collaboration/Test/nevus/ISIC_0000001.jpg,benignant,Test,nevus
2085,./Skin cancer ISIC The International Skin Imaging Collaboration/Train/pigmented benign keratosis/ISIC_0026248.jpg,benignant,Train,pigmented benign keratosis
2086,./Skin cancer ISIC The International Skin Imaging Collaboration/Train/pigmented benign keratosis/ISIC_0025851.jpg,benignant,Train,pigmented benign keratosis
2087,./Skin cancer ISIC The International Skin Imaging Collaboration/Train/pigmented benign keratosis/ISIC_0027270.jpg,benignant,Train,pigmented benign keratosis
2088,./Skin cancer ISIC The International Skin Imaging Collaboration/Train/nevus/ISIC_0000452.jpg,benignant,Train,nevus
2089,./Skin cancer ISIC The International Skin Imaging Collaboration/Train/nevus/ISIC_0000535.jpg,benignant,Train,nevus
2090,./Skin cancer ISIC The International Skin Imaging Collaboration/Train/nevus/ISIC_0000485.jpg,benignant,Train,nevus
2091,./Skin cancer ISIC The International Skin Imaging Collaboration/Train/nevus/ISIC_0000350.jpg,benignant,Train,nevus
2092,./Skin cancer ISIC The International Skin Imaging Collaboration/Train/actinic keratosis/ISIC_0026040.jpg,malignant,Train,actinic keratosis
2093,./Skin cancer ISIC The International Skin Imaging Collaboration/Train/nevus/ISIC_0000546.jpg,benignant,Train,nevus
2094,./Skin cancer ISIC The International Skin Imaging Collaboration/Train/pigmented benign keratosis/ISIC_0027388.jpg,benignant,Train,pigmented benign keratosis
2095,./Skin cancer ISIC The International Skin Imaging Collaboration/Train/melanoma/ISIC_0000413.jpg,malignant,Train,melanoma
2096,./Skin cancer ISIC The International Skin Imaging Collaboration/Train/melanoma/ISIC_0010410.jpg,malignant,Train,melanoma
2097,./Skin cancer ISIC The International Skin Imaging Collaboration/Train/vascular lesion/ISIC_0024867.jpg,benignant,Train,vascular lesion
2098,./Skin cancer ISIC The International Skin Imaging Collaboration/Test/melanoma/ISIC_0000026.jpg,malignant,Test,melanoma
2099,./Skin cancer ISIC The International Skin Imaging Collaboration/Train/melanoma/ISIC_0000157.jpg,malignant,Train,melanoma
2100,./Skin cancer ISIC The International Skin Imaging Collaboration/Train/squamous cell carcinoma/ISIC_0027719.jpg,malignant,Train,squamous cell carcinoma
2101,./Skin cancer ISIC The International Skin Imaging Collaboration/Train/basal cell carcinoma/ISIC_0029755.jpg,malignant,Train,basal cell carcinoma
2102,./Skin cancer ISIC The International Skin Imaging Collaboration/Train/melanoma/ISIC_0010942.jpg,malignant,Train,melanoma
2103,./Skin cancer ISIC The International Skin Imaging Collaboration/Train/pigmented benign keratosis/ISIC_0027239.jpg,benignant,Train,pigmented benign keratosis
2104,./Skin cancer ISIC The International Skin Imaging Collaboration/Train/pigmented benign keratosis/ISIC_0026744.jpg,benignant,Train,pigmented benign keratosis
2105,./Skin cancer ISIC The International Skin Imaging Collaboration/Train/vascular lesion/ISIC_0031759.jpg,benignant,Train,vascular lesion
2106,./Skin cancer ISIC The International Skin Imaging Collaboration/Train/nevus/ISIC_0000093.jpg,benignant,Train,nevus
2107,./Skin cancer ISIC The International Skin Imaging Collaboration/Train/vascular lesion/ISIC_0033123.jpg,benignant,Train,vascular lesion
2108,./Skin cancer ISIC The International Skin Imaging Collaboration/Train/squamous cell carcinoma/ISIC_0029932.jpg,malignant,Train,squamous cell carcinoma
2109,./Skin cancer ISIC The International Skin Imaging Collaboration/Train/actinic keratosis/ISIC_0028063.jpg,malignant,Train,actinic keratosis
2110,./Skin cancer ISIC The International Skin Imaging Collaboration/Train/melanoma/ISIC_0009908.jpg,malignant,Train,melanoma
2111,./Skin cancer ISIC The International Skin Imaging Collaboration/Train/basal cell carcinoma/ISIC_0030644.jpg,malignant,Train,basal cell carcinoma
2112,./Skin cancer ISIC The International Skin Imaging Collaboration/Train/basal cell carcinoma/ISIC_0030233.jpg,malignant,Train,basal cell carcinoma
2113,./Skin cancer ISIC The International Skin Imaging Collaboration/Train/basal cell carcinoma/ISIC_0029083.jpg,malignant,Train,basal cell carcinoma
2114,./Skin cancer ISIC The International Skin Imaging Collaboration/Train/seborrheic keratosis/ISIC_0010938.jpg,benignant,Train,seborrheic keratosis
2115,./Skin cancer ISIC The International Skin Imaging Collaboration/Train/nevus/ISIC_0000034.jpg,benignant,Train,nevus
2116,./Skin cancer ISIC The International Skin Imaging Collaboration/Train/seborrheic keratosis/ISIC_0010982.jpg,benignant,Train,seborrheic keratosis
2117,./Skin cancer ISIC The International Skin Imaging Collaboration/Train/basal cell carcinoma/ISIC_0028871.jpg,malignant,Train,basal cell carcinoma
2118,./Skin cancer ISIC The International Skin Imaging Collaboration/Train/melanoma/ISIC_0010140.jpg,malignant,Train,melanoma
2119,./Skin cancer ISIC The International Skin Imaging Collaboration/Train/basal cell carcinoma/ISIC_0030574.jpg,malignant,Train,basal cell carcinoma
2120,./Skin cancer ISIC The International Skin Imaging Collaboration/Train/pigmented benign keratosis/ISIC_0024676.jpg,benignant,Train,pigmented benign keratosis
2121,./Skin cancer ISIC The International Skin Imaging Collaboration/Train/dermatofibroma/ISIC_0029177.jpg,benignant,Train,dermatofibroma
2122,./Skin cancer ISIC The International Skin Imaging Collaboration/Train/melanoma/ISIC_0011132.jpg,malignant,Train,melanoma
2123,./Skin cancer ISIC The International Skin Imaging Collaboration/Train/nevus/ISIC_0000339.jpg,benignant,Train,nevus
2124,./Skin cancer ISIC The International Skin Imaging Collaboration/Train/melanoma/ISIC_0000149.jpg,malignant,Train,melanoma
2125,./Skin cancer ISIC The International Skin Imaging Collaboration/Train/basal cell carcinoma/ISIC_0028457.jpg,malignant,Train,basal cell carcinoma
2126,./Skin cancer ISIC The International Skin Imaging Collaboration/Train/melanoma/ISIC_0009984.jpg,malignant,Train,melanoma
2127,./Skin cancer ISIC The International Skin Imaging Collaboration/Train/nevus/ISIC_0000541.jpg,benignant,Train,nevus
2128,./Skin cancer ISIC The International Skin Imaging Collaboration/Train/nevus/ISIC_0000338.jpg,benignant,Train,nevus
2129,./Skin cancer ISIC The International Skin Imaging Collaboration/Train/nevus/ISIC_0025957.jpg,benignant,Train,nevus
2130,./Skin cancer ISIC The International Skin Imaging Collaboration/Train/basal cell carcinoma/ISIC_0025824.jpg,malignant,Train,basal cell carcinoma
2131,./Skin cancer ISIC The International Skin Imaging Collaboration/Train/melanoma/ISIC_0000293.jpg,malignant,Train,melanoma
2132,./Skin cancer ISIC The International Skin Imaging Collaboration/Train/basal cell carcinoma/ISIC_0028059.jpg,malignant,Train,basal cell carcinoma
2133,./Skin cancer ISIC The International Skin Imaging Collaboration/Train/squamous cell carcinoma/ISIC_0031286.jpg,malignant,Train,squamous cell carcinoma
2134,./Skin cancer ISIC The International Skin Imaging Collaboration/Train/vascular lesion/ISIC_0027888.jpg,benignant,Train,vascular lesion
2135,./Skin cancer ISIC The International Skin Imaging Collaboration/Train/pigmented benign keratosis/ISIC_0027967.jpg,benignant,Train,pigmented benign keratosis
2136,./Skin cancer ISIC The International Skin Imaging Collaboration/Train/melanoma/ISIC_0010131.jpg,malignant,Train,melanoma
2137,./Skin cancer ISIC The International Skin Imaging Collaboration/Train/dermatofibroma/ISIC_0031799.jpg,benignant,Train,dermatofibroma
2138,./Skin cancer ISIC The International Skin Imaging Collaboration/Train/vascular lesion/ISIC_0027210.jpg,benignant,Train,vascular lesion
2139,./Skin cancer ISIC The International Skin Imaging Collaboration/Train/actinic keratosis/ISIC_0030491.jpg,malignant,Train,actinic keratosis
2140,./Skin cancer ISIC The International Skin Imaging Collaboration/Train/pigmented benign keratosis/ISIC_0028347.jpg,benignant,Train,pigmented benign keratosis
2141,./Skin cancer ISIC The International Skin Imaging Collaboration/Train/pigmented benign keratosis/ISIC_0026444.jpg,benignant,Train,pigmented benign keratosis
2142,./Skin cancer ISIC The International Skin Imaging Collaboration/Train/pigmented benign keratosis/ISIC_0027760.jpg,benignant,Train,pigmented benign keratosis
2143,./Skin cancer ISIC The International Skin Imaging Collaboration/Train/dermatofibroma/ISIC_0026417.jpg,benignant,Train,dermatofibroma
2144,./Skin cancer ISIC The International Skin Imaging Collaboration/Train/basal cell carcinoma/ISIC_0030800.jpg,malignant,Train,basal cell carcinoma
2145,./Skin cancer ISIC The International Skin Imaging Collaboration/Train/basal cell carcinoma/ISIC_0027631.jpg,malignant,Train,basal cell carcinoma
2146,./Skin cancer ISIC The International Skin Imaging Collaboration/Train/basal cell carcinoma/ISIC_0027609.jpg,malignant,Train,basal cell carcinoma
2147,./Skin cancer ISIC The International Skin Imaging Collaboration/Train/basal cell carcinoma/ISIC_0031284.jpg,malignant,Train,basal cell carcinoma
2148,./Skin cancer ISIC The International Skin Imaging Collaboration/Train/basal cell carcinoma/ISIC_0030114.jpg,malignant,Train,basal cell carcinoma
2149,./Skin cancer ISIC The International Skin Imaging Collaboration/Test/basal cell carcinoma/ISIC_0024448.jpg,malignant,Test,basal cell carcinoma
2150,./Skin cancer ISIC The International Skin Imaging Collaboration/Train/melanoma/ISIC_0001108.jpg,malignant,Train,melanoma
2151,./Skin cancer ISIC The International Skin Imaging Collaboration/Train/pigmented benign keratosis/ISIC_0025781.jpg,benignant,Train,pigmented benign keratosis
2152,./Skin cancer ISIC The International Skin Imaging Collaboration/Train/melanoma/ISIC_0010145.jpg,malignant,Train,melanoma
2153,./Skin cancer ISIC The International Skin Imaging Collaboration/Train/nevus/ISIC_0000490.jpg,benignant,Train,nevus
2154,./Skin cancer ISIC The International Skin Imaging Collaboration/Train/squamous cell carcinoma/ISIC_0025696.jpg,malignant,Train,squamous cell carcinoma
2155,./Skin cancer ISIC The International Skin Imaging Collaboration/Train/vascular lesion/ISIC_0030770.jpg,benignant,Train,vascular lesion
2156,./Skin cancer ISIC The International Skin Imaging Collaboration/Train/nevus/ISIC_0000537.jpg,benignant,Train,nevus
2157,./Skin cancer ISIC The International Skin Imaging Collaboration/Train/dermatofibroma/ISIC_0025302.jpg,benignant,Train,dermatofibroma
2158,./Skin cancer ISIC The International Skin Imaging Collaboration/Train/melanoma/ISIC_0010917.jpg,malignant,Train,melanoma
2159,./Skin cancer ISIC The International Skin Imaging Collaboration/Train/vascular lesion/ISIC_0032745.jpg,benignant,Train,vascular lesion
2160,./Skin cancer ISIC The International Skin Imaging Collaboration/Train/nevus/ISIC_0026729.jpg,benignant,Train,nevus
2161,./Skin cancer ISIC The International Skin Imaging Collaboration/Train/pigmented benign keratosis/ISIC_0026538.jpg,benignant,Train,pigmented benign keratosis
2162,./Skin cancer ISIC The International Skin Imaging Collaboration/Train/pigmented benign keratosis/ISIC_0025466.jpg,benignant,Train,pigmented benign keratosis
2163,./Skin cancer ISIC The International Skin Imaging Collaboration/Train/actinic keratosis/ISIC_0029830.jpg,malignant,Train,actinic keratosis
2164,./Skin cancer ISIC The International Skin Imaging Collaboration/Train/melanoma/ISIC_0010364.jpg,malignant,Train,melanoma
2165,./Skin cancer ISIC The International Skin Imaging Collaboration/Train/basal cell carcinoma/ISIC_0025144.jpg,malignant,Train,basal cell carcinoma
2166,./Skin cancer ISIC The International Skin Imaging Collaboration/Train/vascular lesion/ISIC_0025250.jpg,benignant,Train,vascular lesion
2167,./Skin cancer ISIC The International Skin Imaging Collaboration/Train/seborrheic keratosis/ISIC_0011132.jpg,benignant,Train,seborrheic keratosis
2168,./Skin cancer ISIC The International Skin Imaging Collaboration/Train/basal cell carcinoma/ISIC_0031520.jpg,malignant,Train,basal cell carcinoma
2169,./Skin cancer ISIC The International Skin Imaging Collaboration/Train/basal cell carcinoma/ISIC_0025383.jpg,malignant,Train,basal cell carcinoma
2170,./Skin cancer ISIC The International Skin Imaging Collaboration/Train/pigmented benign keratosis/ISIC_0028020.jpg,benignant,Train,pigmented benign keratosis
2171,./Skin cancer ISIC The International Skin Imaging Collaboration/Train/nevus/ISIC_0000246.jpg,benignant,Train,nevus
2172,./Skin cancer ISIC The International Skin Imaging Collaboration/Train/dermatofibroma/ISIC_0033847.jpg,benignant,Train,dermatofibroma
2173,./Skin cancer ISIC The International Skin Imaging Collaboration/Train/pigmented benign keratosis/ISIC_0028550.jpg,benignant,Train,pigmented benign keratosis
2174,./Skin cancer ISIC The International Skin Imaging Collaboration/Train/squamous cell carcinoma/ISIC_0027767.jpg,malignant,Train,squamous cell carcinoma
2175,./Skin cancer ISIC The International Skin Imaging Collaboration/Train/nevus/ISIC_0024800.jpg,benignant,Train,nevus
2176,./Skin cancer ISIC The International Skin Imaging Collaboration/Train/basal cell carcinoma/ISIC_0029501.jpg,malignant,Train,basal cell carcinoma
2177,./Skin cancer ISIC The International Skin Imaging Collaboration/Train/nevus/ISIC_0000449.jpg,benignant,Train,nevus
2178,./Skin cancer ISIC The International Skin Imaging Collaboration/Train/squamous cell carcinoma/ISIC_0025831.jpg,malignant,Train,squamous cell carcinoma
2179,./Skin cancer ISIC The International Skin Imaging Collaboration/Train/nevus/ISIC_0026194.jpg,benignant,Train,nevus
2180,./Skin cancer ISIC The International Skin Imaging Collaboration/Test/melanoma/ISIC_0000035.jpg,malignant,Test,melanoma
2181,./Skin cancer ISIC The International Skin Imaging Collaboration/Train/basal cell carcinoma/ISIC_0031140.jpg,malignant,Train,basal cell carcinoma
2182,./Skin cancer ISIC The International Skin Imaging Collaboration/Train/nevus/ISIC_0000418.jpg,benignant,Train,nevus
2183,./Skin cancer ISIC The International Skin Imaging Collaboration/Train/squamous cell carcinoma/ISIC_0033000.jpg,malignant,Train,squamous cell carcinoma
2184,./Skin cancer ISIC The International Skin Imaging Collaboration/Train/melanoma/ISIC_0010609.jpg,malignant,Train,melanoma
2185,./Skin cancer ISIC The International Skin Imaging Collaboration/Train/squamous cell carcinoma/ISIC_0026411.jpg,malignant,Train,squamous cell carcinoma
2186,./Skin cancer ISIC The International Skin Imaging Collaboration/Train/pigmented benign keratosis/ISIC_0025799.jpg,benignant,Train,pigmented benign keratosis
2187,./Skin cancer ISIC The International Skin Imaging Collaboration/Train/melanoma/ISIC_0010322.jpg,malignant,Train,melanoma
2188,./Skin cancer ISIC The International Skin Imaging Collaboration/Train/vascular lesion/ISIC_0026092.jpg,benignant,Train,vascular lesion
2189,./Skin cancer ISIC The International Skin Imaging Collaboration/Train/seborrheic keratosis/ISIC_0010900.jpg,benignant,Train,seborrheic keratosis
2190,./Skin cancer ISIC The International Skin Imaging Collaboration/Train/nevus/ISIC_0000241.jpg,benignant,Train,nevus
2191,./Skin cancer ISIC The International Skin Imaging Collaboration/Train/basal cell carcinoma/ISIC_0024632.jpg,malignant,Train,basal cell carcinoma
2192,./Skin cancer ISIC The International Skin Imaging Collaboration/Train/nevus/ISIC_0000266.jpg,benignant,Train,nevus
2193,./Skin cancer ISIC The International Skin Imaging Collaboration/Train/pigmented benign keratosis/ISIC_0025222.jpg,benignant,Train,pigmented benign keratosis
2194,./Skin cancer ISIC The International Skin Imaging Collaboration/Train/nevus/ISIC_0000340.jpg,benignant,Train,nevus
2195,./Skin cancer ISIC The International Skin Imaging Collaboration/Train/nevus/ISIC_0000261.jpg,benignant,Train,nevus
2196,./Skin cancer ISIC The International Skin Imaging Collaboration/Train/pigmented benign keratosis/ISIC_0025064.jpg,benignant,Train,pigmented benign keratosis
2197,./Skin cancer ISIC The International Skin Imaging Collaboration/Train/basal cell carcinoma/ISIC_0031407.jpg,malignant,Train,basal cell carcinoma
2198,./Skin cancer ISIC The International Skin Imaging Collaboration/Train/nevus/ISIC_0000470.jpg,benignant,Train,nevus
2199,./Skin cancer ISIC The International Skin Imaging Collaboration/Train/pigmented benign keratosis/ISIC_0025507.jpg,benignant,Train,pigmented benign keratosis
2200,./Skin cancer ISIC The International Skin Imaging Collaboration/Train/basal cell carcinoma/ISIC_0031552.jpg,malignant,Train,basal cell carcinoma
2201,./Skin cancer ISIC The International Skin Imaging Collaboration/Train/squamous cell carcinoma/ISIC_0025811.jpg,malignant,Train,squamous cell carcinoma
2202,./Skin cancer ISIC The International Skin Imaging Collaboration/Train/squamous cell carcinoma/ISIC_0031738.jpg,malignant,Train,squamous cell carcinoma
2203,./Skin cancer ISIC The International Skin Imaging Collaboration/Train/pigmented benign keratosis/ISIC_0027470.jpg,benignant,Train,pigmented benign keratosis
2204,./Skin cancer ISIC The International Skin Imaging Collaboration/Train/melanoma/ISIC_0011151.jpg,malignant,Train,melanoma
2205,./Skin cancer ISIC The International Skin Imaging Collaboration/Train/actinic keratosis/ISIC_0031228.jpg,malignant,Train,actinic keratosis
2206,./Skin cancer ISIC The International Skin Imaging Collaboration/Train/melanoma/ISIC_0010299.jpg,malignant,Train,melanoma
2207,./Skin cancer ISIC The International Skin Imaging Collaboration/Train/melanoma/ISIC_0000305.jpg,malignant,Train,melanoma
2208,./Skin cancer ISIC The International Skin Imaging Collaboration/Train/vascular lesion/ISIC_0033749.jpg,benignant,Train,vascular lesion
2209,./Skin cancer ISIC The International Skin Imaging Collaboration/Train/dermatofibroma/ISIC_0030555.jpg,benignant,Train,dermatofibroma
2210,./Skin cancer ISIC The International Skin Imaging Collaboration/Train/basal cell carcinoma/ISIC_0026056.jpg,malignant,Train,basal cell carcinoma
2211,./Skin cancer ISIC The International Skin Imaging Collaboration/Train/vascular lesion/ISIC_0030283.jpg,benignant,Train,vascular lesion
2212,./Skin cancer ISIC The International Skin Imaging Collaboration/Train/nevus/ISIC_0000087.jpg,benignant,Train,nevus
2213,./Skin cancer ISIC The International Skin Imaging Collaboration/Train/melanoma/ISIC_0010770.jpg,malignant,Train,melanoma
2214,./Skin cancer ISIC The International Skin Imaging Collaboration/Train/squamous cell carcinoma/ISIC_0029567.jpg,malignant,Train,squamous cell carcinoma
2215,./Skin cancer ISIC The International Skin Imaging Collaboration/Train/basal cell carcinoma/ISIC_0030778.jpg,malignant,Train,basal cell carcinoma
2216,./Skin cancer ISIC The International Skin Imaging Collaboration/Train/dermatofibroma/ISIC_0026471.jpg,benignant,Train,dermatofibroma
2217,./Skin cancer ISIC The International Skin Imaging Collaboration/Train/pigmented benign keratosis/ISIC_0024971.jpg,benignant,Train,pigmented benign keratosis
2218,./Skin cancer ISIC The International Skin Imaging Collaboration/Train/nevus/ISIC_0000480.jpg,benignant,Train,nevus
2219,./Skin cancer ISIC The International Skin Imaging Collaboration/Test/basal cell carcinoma/ISIC_0024431.jpg,malignant,Test,basal cell carcinoma
2220,./Skin cancer ISIC The International Skin Imaging Collaboration/Train/squamous cell carcinoma/ISIC_0033084.jpg,malignant,Train,squamous cell carcinoma
2221,./Skin cancer ISIC The International Skin Imaging Collaboration/Train/seborrheic keratosis/ISIC_0010866.jpg,benignant,Train,seborrheic keratosis
2222,./Skin cancer ISIC The International Skin Imaging Collaboration/Train/basal cell carcinoma/ISIC_0029805.jpg,malignant,Train,basal cell carcinoma
2223,./Skin cancer ISIC The International Skin Imaging Collaboration/Train/melanoma/ISIC_0000170.jpg,malignant,Train,melanoma
2224,./Skin cancer ISIC The International Skin Imaging Collaboration/Train/vascular lesion/ISIC_0027256.jpg,benignant,Train,vascular lesion
2225,./Skin cancer ISIC The International Skin Imaging Collaboration/Train/vascular lesion/ISIC_0025680.jpg,benignant,Train,vascular lesion
2226,./Skin cancer ISIC The International Skin Imaging Collaboration/Train/nevus/ISIC_0000371.jpg,benignant,Train,nevus
2227,./Skin cancer ISIC The International Skin Imaging Collaboration/Train/pigmented benign keratosis/ISIC_0026606.jpg,benignant,Train,pigmented benign keratosis
2228,./Skin cancer ISIC The International Skin Imaging Collaboration/Train/melanoma/ISIC_0010783.jpg,malignant,Train,melanoma
2229,./Skin cancer ISIC The International Skin Imaging Collaboration/Train/dermatofibroma/ISIC_0029891.jpg,benignant,Train,dermatofibroma
2230,./Skin cancer ISIC The International Skin Imaging Collaboration/Train/basal cell carcinoma/ISIC_0029831.jpg,malignant,Train,basal cell carcinoma
2231,./Skin cancer ISIC The International Skin Imaging Collaboration/Test/actinic keratosis/ISIC_0024800.jpg,malignant,Test,actinic keratosis
2232,./Skin cancer ISIC The International Skin Imaging Collaboration/Train/melanoma/ISIC_0000432.jpg,malignant,Train,melanoma
2233,./Skin cancer ISIC The International Skin Imaging Collaboration/Train/squamous cell carcinoma/ISIC_0026466.jpg,malignant,Train,squamous cell carcinoma
2234,./Skin cancer ISIC The International Skin Imaging Collaboration/Train/squamous cell carcinoma/ISIC_0027550.jpg,malignant,Train,squamous cell carcinoma
2235,./Skin cancer ISIC The International Skin Imaging Collaboration/Train/pigmented benign keratosis/ISIC_0027064.jpg,benignant,Train,pigmented benign keratosis
2236,./Skin cancer ISIC The International Skin Imaging Collaboration/Test/dermatofibroma/ISIC_0024553.jpg,benignant,Test,dermatofibroma
2237,./Skin cancer ISIC The International Skin Imaging Collaboration/Train/pigmented benign keratosis/ISIC_0026072.jpg,benignant,Train,pigmented benign keratosis
2238,./Skin cancer ISIC The International Skin Imaging Collaboration/Train/nevus/ISIC_0029141.jpg,benignant,Train,nevus
2239,./Skin cancer ISIC The International Skin Imaging Collaboration/Train/melanoma/ISIC_0010271.jpg,malignant,Train,melanoma
2240,./Skin cancer ISIC The International Skin Imaging Collaboration/Train/vascular lesion/ISIC_0026336.jpg,benignant,Train,vascular lesion
2241,./Skin cancer ISIC The International Skin Imaging Collaboration/Train/nevus/ISIC_0000089.jpg,benignant,Train,nevus
2242,./Skin cancer ISIC The International Skin Imaging Collaboration/Train/basal cell carcinoma/ISIC_0031007.jpg,malignant,Train,basal cell carcinoma
2243,./Skin cancer ISIC The International Skin Imaging Collaboration/Train/basal cell carcinoma/ISIC_0028688.jpg,malignant,Train,basal cell carcinoma
2244,./Skin cancer ISIC The International Skin Imaging Collaboration/Train/pigmented benign keratosis/ISIC_0027455.jpg,benignant,Train,pigmented benign keratosis
2245,./Skin cancer ISIC The International Skin Imaging Collaboration/Train/pigmented benign keratosis/ISIC_0027428.jpg,benignant,Train,pigmented benign keratosis
2246,./Skin cancer ISIC The International Skin Imaging Collaboration/Train/melanoma/ISIC_0010812.jpg,malignant,Train,melanoma
2247,./Skin cancer ISIC The International Skin Imaging Collaboration/Train/seborrheic keratosis/ISIC_0011178.jpg,benignant,Train,seborrheic keratosis
2248,./Skin cancer ISIC The International Skin Imaging Collaboration/Train/basal cell carcinoma/ISIC_0025975.jpg,malignant,Train,basal cell carcinoma
2249,./Skin cancer ISIC The International Skin Imaging Collaboration/Train/vascular lesion/ISIC_0032057.jpg,benignant,Train,vascular lesion
2250,./Skin cancer ISIC The International Skin Imaging Collaboration/Train/basal cell carcinoma/ISIC_0029644.jpg,malignant,Train,basal cell carcinoma
2251,./Skin cancer ISIC The International Skin Imaging Collaboration/Train/melanoma/ISIC_0010559.jpg,malignant,Train,melanoma
2252,./Skin cancer ISIC The International Skin Imaging Collaboration/Train/nevus/ISIC_0000020.jpg,benignant,Train,nevus
2253,./Skin cancer ISIC The International Skin Imaging Collaboration/Train/squamous cell carcinoma/ISIC_0026992.jpg,malignant,Train,squamous cell carcinoma
2254,./Skin cancer ISIC The International Skin Imaging Collaboration/Train/melanoma/ISIC_0010862.jpg,malignant,Train,melanoma
2255,./Skin cancer ISIC The International Skin Imaging Collaboration/Train/melanoma/ISIC_0010514.jpg,malignant,Train,melanoma
2256,./Skin cancer ISIC The International Skin Imaging Collaboration/Train/seborrheic keratosis/ISIC_0010925.jpg,benignant,Train,seborrheic keratosis
2257,./Skin cancer ISIC The International Skin Imaging Collaboration/Train/actinic keratosis/ISIC_0031823.jpg,malignant,Train,actinic keratosis
2258,./Skin cancer ISIC The International Skin Imaging Collaboration/Train/melanoma/ISIC_0010039.jpg,malignant,Train,melanoma
2259,./Skin cancer ISIC The International Skin Imaging Collaboration/Train/squamous cell carcinoma/ISIC_0026388.jpg,malignant,Train,squamous cell carcinoma
2260,./Skin cancer ISIC The International Skin Imaging Collaboration/Train/melanoma/ISIC_0000420.jpg,malignant,Train,melanoma
2261,./Skin cancer ISIC The International Skin Imaging Collaboration/Train/melanoma/ISIC_0010587.jpg,malignant,Train,melanoma
2262,./Skin cancer ISIC The International Skin Imaging Collaboration/Train/basal cell carcinoma/ISIC_0027675.jpg,malignant,Train,basal cell carcinoma
2263,./Skin cancer ISIC The International Skin Imaging Collaboration/Train/basal cell carcinoma/ISIC_0030712.jpg,malignant,Train,basal cell carcinoma
2264,./Skin cancer ISIC The International Skin Imaging Collaboration/Train/basal cell carcinoma/ISIC_0028303.jpg,malignant,Train,basal cell carcinoma
2265,./Skin cancer ISIC The International Skin Imaging Collaboration/Train/squamous cell carcinoma/ISIC_0029002.jpg,malignant,Train,squamous cell carcinoma
2266,./Skin cancer ISIC The International Skin Imaging Collaboration/Train/melanoma/ISIC_0010016.jpg,malignant,Train,melanoma
2267,./Skin cancer ISIC The International Skin Imaging Collaboration/Train/melanoma/ISIC_0010730.jpg,malignant,Train,melanoma
2268,./Skin cancer ISIC The International Skin Imaging Collaboration/Train/actinic keratosis/ISIC_0033811.jpg,malignant,Train,actinic keratosis
2269,./Skin cancer ISIC The International Skin Imaging Collaboration/Train/pigmented benign keratosis/ISIC_0024612.jpg,benignant,Train,pigmented benign keratosis
2270,./Skin cancer ISIC The International Skin Imaging Collaboration/Train/pigmented benign keratosis/ISIC_0026842.jpg,benignant,Train,pigmented benign keratosis
2271,./Skin cancer ISIC The International Skin Imaging Collaboration/Train/melanoma/ISIC_0010580.jpg,malignant,Train,melanoma
2272,./Skin cancer ISIC The International Skin Imaging Collaboration/Train/melanoma/ISIC_0000145.jpg,malignant,Train,melanoma
2273,./Skin cancer ISIC The International Skin Imaging Collaboration/Train/pigmented benign keratosis/ISIC_0026514.jpg,benignant,Train,pigmented benign keratosis
2274,./Skin cancer ISIC The International Skin Imaging Collaboration/Train/basal cell carcinoma/ISIC_0025826.jpg,malignant,Train,basal cell carcinoma
2275,./Skin cancer ISIC The International Skin Imaging Collaboration/Train/basal cell carcinoma/ISIC_0026798.jpg,malignant,Train,basal cell carcinoma
2276,./Skin cancer ISIC The International Skin Imaging Collaboration/Train/melanoma/ISIC_0010376.jpg,malignant,Train,melanoma
2277,./Skin cancer ISIC The International Skin Imaging Collaboration/Train/squamous cell carcinoma/ISIC_0033869.jpg,malignant,Train,squamous cell carcinoma
2278,./Skin cancer ISIC The International Skin Imaging Collaboration/Train/melanoma/ISIC_0000151.jpg,malignant,Train,melanoma
2279,./Skin cancer ISIC The International Skin Imaging Collaboration/Train/nevus/ISIC_0000439.jpg,benignant,Train,nevus
2280,./Skin cancer ISIC The International Skin Imaging Collaboration/Test/nevus/ISIC_0000006.jpg,benignant,Test,nevus
2281,./Skin cancer ISIC The International Skin Imaging Collaboration/Train/pigmented benign keratosis/ISIC_0028233.jpg,benignant,Train,pigmented benign keratosis
2282,./Skin cancer ISIC The International Skin Imaging Collaboration/Train/dermatofibroma/ISIC_0030579.jpg,benignant,Train,dermatofibroma
2283,./Skin cancer ISIC The International Skin Imaging Collaboration/Train/pigmented benign keratosis/ISIC_0024741.jpg,benignant,Train,pigmented benign keratosis
2284,./Skin cancer ISIC The International Skin Imaging Collaboration/Train/basal cell carcinoma/ISIC_0031539.jpg,malignant,Train,basal cell carcinoma
2285,./Skin cancer ISIC The International Skin Imaging Collaboration/Train/pigmented benign keratosis/ISIC_0026787.jpg,benignant,Train,pigmented benign keratosis
2286,./Skin cancer ISIC The International Skin Imaging Collaboration/Train/nevus/ISIC_0027668.jpg,benignant,Train,nevus
2287,./Skin cancer ISIC The International Skin Imaging Collaboration/Train/basal cell carcinoma/ISIC_0031171.jpg,malignant,Train,basal cell carcinoma
2288,./Skin cancer ISIC The International Skin Imaging Collaboration/Train/squamous cell carcinoma/ISIC_0031672.jpg,malignant,Train,squamous cell carcinoma
2289,./Skin cancer ISIC The International Skin Imaging Collaboration/Train/pigmented benign keratosis/ISIC_0026553.jpg,benignant,Train,pigmented benign keratosis
2290,./Skin cancer ISIC The International Skin Imaging Collaboration/Train/nevus/ISIC_0000047.jpg,benignant,Train,nevus
2291,./Skin cancer ISIC The International Skin Imaging Collaboration/Train/basal cell carcinoma/ISIC_0030352.jpg,malignant,Train,basal cell carcinoma
2292,./Skin cancer ISIC The International Skin Imaging Collaboration/Train/pigmented benign keratosis/ISIC_0024758.jpg,benignant,Train,pigmented benign keratosis
2293,./Skin cancer ISIC The International Skin Imaging Collaboration/Train/seborrheic keratosis/ISIC_0011095.jpg,benignant,Train,seborrheic keratosis
2294,./Skin cancer ISIC The International Skin Imaging Collaboration/Train/dermatofibroma/ISIC_0025980.jpg,benignant,Train,dermatofibroma
2295,./Skin cancer ISIC The International Skin Imaging Collaboration/Train/pigmented benign keratosis/ISIC_0024850.jpg,benignant,Train,pigmented benign keratosis
2296,./Skin cancer ISIC The International Skin Imaging Collaboration/Train/melanoma/ISIC_0010398.jpg,malignant,Train,melanoma
2297,./Skin cancer ISIC The International Skin Imaging Collaboration/Train/pigmented benign keratosis/ISIC_0024477.jpg,benignant,Train,pigmented benign keratosis
2298,./Skin cancer ISIC The International Skin Imaging Collaboration/Train/pigmented benign keratosis/ISIC_0027053.jpg,benignant,Train,pigmented benign keratosis
2299,./Skin cancer ISIC The International Skin Imaging Collaboration/Train/squamous cell carcinoma/ISIC_0033536.jpg,malignant,Train,squamous cell carcinoma
2300,./Skin cancer ISIC The International Skin Imaging Collaboration/Train/melanoma/ISIC_0009910.jpg,malignant,Train,melanoma
2301,./Skin cancer ISIC The International Skin Imaging Collaboration/Train/basal cell carcinoma/ISIC_0027478.jpg,malignant,Train,basal cell carcinoma
2302,./Skin cancer ISIC The International Skin Imaging Collaboration/Train/pigmented benign keratosis/ISIC_0025032.jpg,benignant,Train,pigmented benign keratosis
2303,./Skin cancer ISIC The International Skin Imaging Collaboration/Train/pigmented benign keratosis/ISIC_0025068.jpg,benignant,Train,pigmented benign keratosis
2304,./Skin cancer ISIC The International Skin Imaging Collaboration/Train/dermatofibroma/ISIC_0030021.jpg,benignant,Train,dermatofibroma
2305,./Skin cancer ISIC The International Skin Imaging Collaboration/Train/vascular lesion/ISIC_0031648.jpg,benignant,Train,vascular lesion
2306,./Skin cancer ISIC The International Skin Imaging Collaboration/Train/pigmented benign keratosis/ISIC_0026249.jpg,benignant,Train,pigmented benign keratosis
2307,./Skin cancer ISIC The International Skin Imaging Collaboration/Train/pigmented benign keratosis/ISIC_0025392.jpg,benignant,Train,pigmented benign keratosis
2308,./Skin cancer ISIC The International Skin Imaging Collaboration/Train/vascular lesion/ISIC_0025197.jpg,benignant,Train,vascular lesion
2309,./Skin cancer ISIC The International Skin Imaging Collaboration/Train/squamous cell carcinoma/ISIC_0031119.jpg,malignant,Train,squamous cell carcinoma
2310,./Skin cancer ISIC The International Skin Imaging Collaboration/Train/basal cell carcinoma/ISIC_0030314.jpg,malignant,Train,basal cell carcinoma
2311,./Skin cancer ISIC The International Skin Imaging Collaboration/Train/pigmented benign keratosis/ISIC_0025856.jpg,benignant,Train,pigmented benign keratosis
2312,./Skin cancer ISIC The International Skin Imaging Collaboration/Train/basal cell carcinoma/ISIC_0031489.jpg,malignant,Train,basal cell carcinoma
2313,./Skin cancer ISIC The International Skin Imaging Collaboration/Train/basal cell carcinoma/ISIC_0029192.jpg,malignant,Train,basal cell carcinoma
2314,./Skin cancer ISIC The International Skin Imaging Collaboration/Test/dermatofibroma/ISIC_0011410.jpg,benignant,Test,dermatofibroma
2315,./Skin cancer ISIC The International Skin Imaging Collaboration/Train/vascular lesion/ISIC_0024706.jpg,benignant,Train,vascular lesion
2316,./Skin cancer ISIC The International Skin Imaging Collaboration/Train/pigmented benign keratosis/ISIC_0026159.jpg,benignant,Train,pigmented benign keratosis
2317,./Skin cancer ISIC The International Skin Imaging Collaboration/Train/pigmented benign keratosis/ISIC_0024877.jpg,benignant,Train,pigmented benign keratosis
2318,./Skin cancer ISIC The International Skin Imaging Collaboration/Train/nevus/ISIC_0000437.jpg,benignant,Train,nevus
2319,./Skin cancer ISIC The International Skin Imaging Collaboration/Train/melanoma/ISIC_0009934.jpg,malignant,Train,melanoma
2320,./Skin cancer ISIC The International Skin Imaging Collaboration/Test/basal cell carcinoma/ISIC_0024457.jpg,malignant,Test,basal cell carcinoma
2321,./Skin cancer ISIC The International Skin Imaging Collaboration/Train/nevus/ISIC_0000320.jpg,benignant,Train,nevus
2322,./Skin cancer ISIC The International Skin Imaging Collaboration/Train/dermatofibroma/ISIC_0030757.jpg,benignant,Train,dermatofibroma
2323,./Skin cancer ISIC The International Skin Imaging Collaboration/Train/pigmented benign keratosis/ISIC_0026069.jpg,benignant,Train,pigmented benign keratosis
2324,./Skin cancer ISIC The International Skin Imaging Collaboration/Train/nevus/ISIC_0024707.jpg,benignant,Train,nevus
2325,./Skin cancer ISIC The International Skin Imaging Collaboration/Train/vascular lesion/ISIC_0031270.jpg,benignant,Train,vascular lesion
2326,./Skin cancer ISIC The International Skin Imaging Collaboration/Train/melanoma/ISIC_0000279.jpg,malignant,Train,melanoma
2327,./Skin cancer ISIC The International Skin Imaging Collaboration/Train/vascular lesion/ISIC_0028431.jpg,benignant,Train,vascular lesion
2328,./Skin cancer ISIC The International Skin Imaging Collaboration/Train/squamous cell carcinoma/ISIC_0029533.jpg,malignant,Train,squamous cell carcinoma
2329,./Skin cancer ISIC The International Skin Imaging Collaboration/Train/melanoma/ISIC_0000441.jpg,malignant,Train,melanoma
2330,./Skin cancer ISIC The International Skin Imaging Collaboration/Train/basal cell carcinoma/ISIC_0027146.jpg,malignant,Train,basal cell carcinoma
2331,./Skin cancer ISIC The International Skin Imaging Collaboration/Train/nevus/ISIC_0000367.jpg,benignant,Train,nevus
2332,./Skin cancer ISIC The International Skin Imaging Collaboration/Train/melanoma/ISIC_0010852.jpg,malignant,Train,melanoma
2333,./Skin cancer ISIC The International Skin Imaging Collaboration/Train/basal cell carcinoma/ISIC_0027526.jpg,malignant,Train,basal cell carcinoma
2334,./Skin cancer ISIC The International Skin Imaging Collaboration/Train/squamous cell carcinoma/ISIC_0026522.jpg,malignant,Train,squamous cell carcinoma
2335,./Skin cancer ISIC The International Skin Imaging Collaboration/Train/melanoma/ISIC_0010757.jpg,malignant,Train,melanoma
2336,./Skin cancer ISIC The International Skin Imaging Collaboration/Train/melanoma/ISIC_0000400.jpg,malignant,Train,melanoma
2337,./Skin cancer ISIC The International Skin Imaging Collaboration/Test/squamous cell carcinoma/ISIC_0024539.jpg,malignant,Test,squamous cell carcinoma
2338,./Skin cancer ISIC The International Skin Imaging Collaboration/Train/basal cell carcinoma/ISIC_0025718.jpg,malignant,Train,basal cell carcinoma
2339,./Skin cancer ISIC The International Skin Imaging Collaboration/Train/melanoma/ISIC_0000417.jpg,malignant,Train,melanoma
2340,./Skin cancer ISIC The International Skin Imaging Collaboration/Test/basal cell carcinoma/ISIC_0024411.jpg,malignant,Test,basal cell carcinoma
2341,./Skin cancer ISIC The International Skin Imaging Collaboration/Train/pigmented benign keratosis/ISIC_0026511.jpg,benignant,Train,pigmented benign keratosis
2342,./Skin cancer ISIC The International Skin Imaging Collaboration/Train/melanoma/ISIC_0001102.jpg,malignant,Train,melanoma
2343,./Skin cancer ISIC The International Skin Imaging Collaboration/Train/basal cell carcinoma/ISIC_0029352.jpg,malignant,Train,basal cell carcinoma
2344,./Skin cancer ISIC The International Skin Imaging Collaboration/Train/actinic keratosis/ISIC_0026650.jpg,malignant,Train,actinic keratosis
2345,./Skin cancer ISIC The International Skin Imaging Collaboration/Train/dermatofibroma/ISIC_0033790.jpg,benignant,Train,dermatofibroma
2346,./Skin cancer ISIC The International Skin Imaging Collaboration/Train/nevus/ISIC_0024763.jpg,benignant,Train,nevus
2347,./Skin cancer ISIC The International Skin Imaging Collaboration/Train/nevus/ISIC_0000092.jpg,benignant,Train,nevus
2348,./Skin cancer ISIC The International Skin Imaging Collaboration/Train/nevus/ISIC_0000506.jpg,benignant,Train,nevus
2349,./Skin cancer ISIC The International Skin Imaging Collaboration/Train/pigmented benign keratosis/ISIC_0027828.jpg,benignant,Train,pigmented benign keratosis
2350,./Skin cancer ISIC The International Skin Imaging Collaboration/Train/dermatofibroma/ISIC_0029973.jpg,benignant,Train,dermatofibroma
2351,./Skin cancer ISIC The International Skin Imaging Collaboration/Test/dermatofibroma/ISIC_0024845.jpg,benignant,Test,dermatofibroma
2352,./Skin cancer ISIC The International Skin Imaging Collaboration/Train/basal cell carcinoma/ISIC_0027677.jpg,malignant,Train,basal cell carcinoma
2353,./Skin cancer ISIC The International Skin Imaging Collaboration/Train/nevus/ISIC_0000467.jpg,benignant,Train,nevus
2354,./Skin cancer ISIC The International Skin Imaging Collaboration/Train/pigmented benign keratosis/ISIC_0028497.jpg,benignant,Train,pigmented benign keratosis
2355,./Skin cancer ISIC The International Skin Imaging Collaboration/Train/melanoma/ISIC_0010834.jpg,malignant,Train,melanoma
2356,./Skin cancer ISIC The International Skin Imaging Collaboration/Train/nevus/ISIC_0000344.jpg,benignant,Train,nevus
2357,./Skin cancer ISIC The International Skin Imaging Collaboration/Train/seborrheic keratosis/ISIC_0010971.jpg,benignant,Train,seborrheic keratosis
